id,name,surname,patronymic,birth_date,sex,phone_number,login
1,Евгений,Щербаков,Артемович,2002-06-02,male,+7 914 572-05-73,quis_rem
2,Григорий,Павлов,Константинович,2002-05-18,male,+7 904 421-95-62,EdwardСоболев
3,Евдокия,Соловьёва,Аскольдовна,2004-08-23,female,+7 970 671-47-46,culpa_consectetur_harum
4,Борис,Абрамов,Сергеевич,1990-06-13,male,+7 908 932-55-36,similique_sed_impedit
5,Любовь,Кудрявцева,Антоновна,1998-10-13,female,+7 922 569-64-35,JuliaМихайлова
6,Степан,Баранов,Львович,1997-11-17,male,+7 904 065-34-73,эФомин
7,Никита,Тихомиров,Константинович,1994-03-30,male,+7 930 860-61-14,PhilipВоронин
8,Пелагия,Быкова,Анатольевна,1994-06-10,female,+7 984 861-03-35,labore_unde
9,Олег,Осипов,Игоревич,2001-03-04,male,+7 911 915-40-39,KeithЯковлев
10,Татьяна,Филиппова,Андреевна,1993-08-04,female,+7 937 453-16-75,TammyФилиппова
11,Анатолий,Герасимов,Романович,1994-02-28,male,+7 919 883-17-18,ShawnВолков
12,Дарья,Кузьмина,Аскольдовна,2000-10-31,female,+7 947 583-02-33,кКрылов
13,Иван,Сидоров,Владимирович,1994-05-17,male,+7 961 243-24-81,щИльина
14,Игорь,Ушаков,Павлович,1996-07-17,male,+7 975 363-74-70,JohnДмитриев
15,Никита,Ильин,Валерьевич,2003-12-09,male,+7 963 512-61-55,MelissaСмирнова
16,Анатолий,Павлов,Сергеевич,1994-02-20,male,+7 918 272-59-84,тИгнатьев
17,Пелагия,Ефимова,Альбертовна,1990-11-30,female,+7 951 288-96-02,жСоколов
18,Игорь,Герасимов,Романович,1999-01-25,male,+7 961 986-42-41,eum
19,Петр,Антонов,Михайлович,1995-01-13,male,+7 905 118-39-86,odio
20,Дарья,Киселёва,Архиповна,1990-02-22,female,+7 998 604-57-28,LouisКрылов
21,Николай,Пономарёв,Витальевич,2003-07-25,male,+7 999 504-30-97,мШмидт
22,Виталий,Воробьёв,Васильевич,2001-04-27,male,+7 901 582-79-40,чСоболев
23,Павел,Кудрявцев,Павлович,1993-03-23,male,+7 943 815-69-08,perspiciatis_autem
24,Степан,Андреев,Иванович,2003-01-01,male,+7 967 719-35-62,DorisВолкова
25,Виталий,Андреев,Тарасович,1994-03-18,male,+7 931 238-34-13,ScottВиноградов
26,Елизавета,Шмидт,Анатольевна,1995-12-11,female,+7 947 568-92-05,ScottЗайцев
27,Олег,Антонов,Ильич,1991-05-01,male,+7 950 596-58-12,уМихайлова
28,Алексей,Никифоров,Ефимович,1992-07-20,male,+7 938 971-24-59,EdwardСидоров
29,Мария,Захарова,Архиповна,1995-05-18,female,+7 935 416-50-92,мБеляева
30,Вера,Баранова,Альбертовна,1999-07-25,female,+7 953 543-10-10,кДмитриев
31,Кристина,Комарова,Аркадьевна,1997-09-13,female,+7 992 854-96-85,CarlosМарков
32,Григорий,Абрамов,Егорович,2003-01-02,male,+7 989 349-16-37,ErnestИгнатьев
33,Любовь,Соколова,Алексеевна,1996-05-28,female,+7 956 719-81-26,explicabo
34,Константин,Николаев,Владиславович,1991-04-24,male,+7 917 932-02-74,pariatur
35,Николай,Наумов,Павлович,1992-07-07,male,+7 943 131-81-16,praesentium
36,Геннадий,Михайлов,Ярославович,1991-07-01,male,+7 931 160-76-80,PaulКузнецов
37,Виктория,Лебедева,Андреевна,2002-05-15,female,+7 989 429-39-20,8Соболева
38,Олег,Воронин,Эдуардович,2000-03-23,male,+7 938 948-82-30,WayneОсипов
39,Галина,Кузьмина,Александровна,2004-05-21,female,+7 973 144-85-25,veritatis_vero_molestias
40,Ирина,Виноградова,Александровна,1994-10-29,female,+7 939 724-73-80,StephanieПономарёва
41,Евгений,Зайцев,Александрович,1990-08-24,male,+7 970 346-08-51,suscipit_alias
42,Лидия,Гаврилова,Артемовна,2004-08-31,female,+7 903 883-47-51,HeatherСемёнова
43,Роман,Антонов,Анатольевич,1991-01-29,male,+7 936 463-66-85,чМихайлов
44,Антонина,Павлова,Архиповна,1999-05-01,female,+7 902 697-31-62,кЕгоров
45,Петр,Филиппов,Константинович,1995-03-27,male,+7 932 699-17-53,яИльина
46,Федор,Тихомиров,Олегович,2002-11-12,male,+7 953 103-12-13,nemo
47,Геннадий,Воробьёв,Яковлевич,1993-03-13,male,+7 986 790-95-70,DeniseВиноградова
48,Антонина,Миллера,Афанасьевна,1996-04-20,female,+7 914 425-28-74,ыФилиппов
49,Георгий,Савельев,Степанович,1990-01-22,male,+7 922 129-22-37,JasonПрокофьев
50,Максим,Александров,Игоревич,1994-06-14,male,+7 913 729-34-54,minima_provident
51,Илья,Борисов,Робертович,1994-07-21,male,+7 981 415-27-63,жАндреева
52,Ирина,Воробьёва,Александровна,1991-08-11,female,+7 937 942-24-30,зСемёнова
53,Игорь,Яковлев,Петрович,2001-11-07,male,+7 914 598-07-02,GeorgeТрофимов
54,Олег,Михайлов,Анатольевич,2001-06-16,male,+7 953 611-57-37,JimmyДмитриев
55,Степан,Степанов,Максимович,2001-02-16,male,+7 947 637-94-49,6Захарова
56,Владимир,Семёнов,Васильевич,2002-10-25,male,+7 956 698-99-16,sed_est
57,Любовь,Наумова,Андреевна,2000-12-11,female,+7 976 757-57-33,эБаранов
58,Андрей,Зайцев,Иосифович,2003-04-07,male,+7 936 506-95-67,AshleyФомина
59,Василий,Соболев,Филиппович,1993-01-13,male,+7 917 203-36-84,PatriciaГригорьева
60,Максим,Шульц,Дмитриевич,1999-10-03,male,+7 904 848-09-12,PaulСергеев
61,Георгий,Герасимов,Андреевич,2001-10-29,male,+7 972 792-87-75,ъАндреева
62,Степан,Гусев,Ефимович,1998-08-17,male,+7 948 465-11-50,пВласов
63,Сергей,Миллер,Платонович,1998-04-19,male,+7 978 115-19-29,пМорозова
64,Денис,Игнатьев,Федорович,1996-09-09,male,+7 932 372-45-25,saepe
65,Юрий,Шульц,Олегович,1992-01-06,male,+7 903 642-85-00,culpa_ad_incidunt
66,Людмила,Михайлова,Аркадьевна,1990-05-03,female,+7 982 165-45-84,similique_velit_eligendi
67,Анастасия,Степанова,Антоновна,2001-02-02,female,+7 903 925-00-92,sunt_ab
68,Дарья,Федотова,Аскольдовна,2003-01-11,female,+7 901 919-20-88,йМиллера
69,Игорь,Назаров,Анатольевич,1990-12-02,male,+7 913 562-48-29,assumenda_est_voluptas
70,Анастасия,Яковлева,Афанасьевна,2003-01-21,female,+7 928 024-42-38,sed
71,Агриппина,Иванова,Александровна,1997-10-12,female,+7 993 160-19-92,JaniceИльина
72,Дарья,Смирнова,Артемовна,1993-09-30,female,+7 958 122-82-27,HeatherКириллова
73,Вера,Виноградова,Аскольдовна,1997-06-19,female,+7 959 056-11-87,officia
74,Зоя,Пономарёва,Антоновна,1998-08-23,female,+7 975 039-29-15,reprehenderit_debitis_sequi
75,Евгений,Шмидт,Романович,2004-12-21,male,+7 972 770-47-25,3Виноградова
76,Елена,Виноградова,Альбертовна,1991-09-22,female,+7 917 304-65-84,PhilipОрлов
77,Роман,Васильев,Алексеевич,1994-05-01,male,+7 927 424-13-73,BarbaraАбрамова
78,Николай,Карпов,Яковлевич,2001-09-27,male,+7 987 872-51-38,MatthewФёдоров
79,Степан,Денисов,Данилович,1991-02-23,male,+7 972 830-13-85,LillianГригорьева
80,Алексей,Антонов,Тарасович,2002-10-03,male,+7 927 718-33-63,гЗайцева
81,Анатолий,Голубев,Львович,1998-04-14,male,+7 999 635-78-99,фСавельев
82,Денис,Богданов,Кириллович,2003-03-04,male,+7 912 633-79-07,veniam_inventore
83,Евдокия,Виноградова,Аскольдовна,2000-02-07,female,+7 955 026-74-77,Scott
84,Евгений,Николаев,Эдуардович,1998-10-25,male,+7 991 755-73-61,mollitia
85,Георгий,Наумов,Дмитриевич,2000-11-10,male,+7 986 430-87-74,JoeТроицкий
86,Надежда,Шмидт,Афанасьевна,1992-09-04,female,+7 994 812-83-25,quo_officiis_eum
87,Роман,Крылов,Олегович,1999-11-24,male,+7 981 480-66-06,amet_sit
88,Илья,Николаев,Вячеславович,1994-09-15,male,+7 966 063-62-70,StevenИванов
89,Григорий,Александров,Павлович,1990-10-11,male,+7 947 139-59-91,DorothyГолубева
90,Антонина,Власова,Аркадьевна,1991-10-24,female,+7 980 099-18-72,1Баранова
91,Мария,Полякова,Аркадьевна,1996-04-19,female,+7 970 048-20-46,exercitationem_praesentium
92,Михаил,Сергеев,Сергеевич,2002-06-20,male,+7 983 459-26-54,CarolynАфанасьева
93,Светлана,Орлова,Артемовна,1998-04-30,female,+7 999 577-95-10,deserunt_et_et
94,Оксана,Григорьева,Андреевна,1998-09-11,female,+7 926 068-68-53,RoseТитова
95,Кристина,Новикова,Анатольевна,1994-01-25,female,+7 934 148-85-45,3Волкова
96,Виктор,Попов,Валентинович,2000-04-30,male,+7 947 071-62-00,7Киселёва
97,Агриппина,Кондратьева,Альбертовна,1997-11-09,female,+7 908 925-93-08,DonaldБелов
98,Кристина,Сорокина,Александровна,2004-04-19,female,+7 946 023-62-32,щСемёнова
99,Анна,Покровскийа,Антоновна,1994-09-10,female,+7 990 595-01-33,нСидоров
100,Константин,Комаров,Петрович,2003-10-16,male,+7 969 283-45-85,HeatherМаксимова
101,Павел,Чистяков,Валентинович,1996-05-19,male,+7 966 200-14-73,quis_velit
102,Агриппина,Пономарёва,Антоновна,1996-01-29,female,+7 952 323-88-23,quas_sed_quo
103,Анастасия,Кудрявцева,Алексеевна,2000-04-07,female,+7 905 271-52-56,чМиллера
104,Геннадий,Семёнов,Вячеславович,1992-06-23,male,+7 944 411-00-51,molestiae_quibusdam
105,Раиса,Чистякова,Александровна,2004-04-25,female,+7 937 789-95-36,7Лебедев
106,Анатолий,Константинов,Ильич,1998-12-14,male,+7 926 187-08-82,гБеляева
107,Лариса,Васильева,Андреевна,1996-02-27,female,+7 979 585-38-31,дТроицкий
108,Иван,Константинов,Алексеевич,1991-06-12,male,+7 906 065-15-27,ъКозлова
109,Михаил,Морозов,Борисович,1993-06-20,male,+7 981 812-00-35,IreneДавыдова
110,Александр,Мартынов,Витальевич,2004-08-18,male,+7 997 023-46-98,рФролов
111,Елизавета,Покровскийа,Альбертовна,2001-09-30,female,+7 932 683-20-12,AnthonyПоляков
112,Григорий,Фёдоров,Геннадиевич,1996-11-23,male,+7 919 125-17-95,JessicaДенисова
113,Любовь,Шульца,Артемовна,1998-07-06,female,+7 937 450-23-29,DavidТихомиров
114,Евгений,Павлов,Игоревич,1993-04-27,male,+7 941 065-18-94,сВасильева
115,Надежда,Савельева,Аркадьевна,1995-11-27,female,+7 954 637-87-54,6Дмитриев
116,Андрей,Голубев,Львович,2001-04-05,male,+7 922 402-37-17,provident
117,Анна,Васильева,Алексеевна,1995-10-04,female,+7 956 443-00-47,оФедотова
118,Нина,Сергеева,Афанасьевна,2000-08-08,female,+7 905 431-34-09,9Герасимов
119,Анастасия,Фомина,Александровна,2000-07-02,female,+7 908 182-56-11,6Киселёва
120,Лариса,Воробьёва,Александровна,1996-07-17,female,+7 911 622-37-66,ut_vel
121,Агриппина,Савельева,Андреевна,1998-03-25,female,+7 923 312-36-49,гАлександрова
122,Сергей,Дмитриев,Леонидович,1990-12-03,male,+7 950 296-59-66,RobinСоколова
123,Татьяна,Козлова,Афанасьевна,1996-09-13,female,+7 992 164-56-41,esse_et_ducimus
124,Антонина,Кондратьева,Афанасьевна,1992-04-27,female,+7 960 476-24-54,error
125,Юлия,Попова,Александровна,1992-06-28,female,+7 979 020-48-33,JonathanМатвеев
126,Анна,Виноградова,Александровна,2003-09-09,female,+7 926 600-86-04,2Гаврилова
127,Александра,Макарова,Артемовна,1994-05-16,female,+7 980 790-65-43,GaryЛебедев
128,Оксана,Карпова,Аркадьевна,1995-11-15,female,+7 942 198-78-79,est_quasi_earum
129,Валерий,Андреев,Андреевич,1994-08-01,male,+7 994 616-25-33,BarbaraОрлова
130,Илья,Белов,Максимович,2002-05-12,male,+7 952 438-85-88,ChrisЖуков
131,Лариса,Макарова,Архиповна,2001-04-02,female,+7 996 296-87-82,MariaДавыдова
132,Николай,Леонтьев,Петрович,2004-06-29,male,+7 998 398-81-89,мДавыдова
133,Дмитрий,Леонтьев,Ефимович,1997-11-17,male,+7 976 513-83-47,рСтепанов
134,Евгений,Соловьёв,Платонович,1991-07-11,male,+7 908 064-16-49,eum_eos_velit
135,Сергей,Андреев,Александрович,1992-07-18,male,+7 921 307-76-61,ьВиноградов
136,Дмитрий,Шмидт,Матвеевич,1995-07-01,male,+7 973 785-46-28,яНазарова
137,Наталья,Новикова,Альбертовна,2003-05-06,female,+7 902 358-22-79,facilis_repellat
138,Сергей,Сидоров,Платонович,2001-12-04,male,+7 984 902-81-07,optio_itaque_quia
139,Валерий,Попов,Матвеевич,1993-04-11,male,+7 959 655-03-85,PaulГригорьев
140,Наталья,Кондратьева,Афанасьевна,1990-06-04,female,+7 983 113-07-28,йШульца
141,Вера,Кудрявцева,Аркадьевна,2004-07-14,female,+7 995 775-47-22,KimberlyВласова
142,Дарья,Лебедева,Аскольдовна,1992-11-16,female,+7 945 235-55-68,dolor
143,Лариса,Соколова,Архиповна,1997-10-06,female,+7 912 482-04-00,0Орлов
144,Валентина,Давыдова,Антоновна,1996-02-20,female,+7 948 765-21-57,at
145,Нина,Козлова,Артемовна,1994-06-06,female,+7 943 828-86-36,quam_consequatur
146,Марина,Константинова,Аркадьевна,1992-12-10,female,+7 902 967-70-13,2Егоров
147,Денис,Ильин,Платонович,2002-12-08,male,+7 900 564-39-85,2Александрова
148,Наталья,Назарова,Архиповна,1995-06-20,female,+7 974 614-33-45,EarlНаумов
149,Никита,Козлов,Робертович,2001-04-02,male,+7 971 752-66-40,hic_velit
150,Константин,Карпов,Артемович,1997-02-28,male,+7 989 544-63-35,HenryНазаров
151,Мария,Крылова,Архиповна,2001-12-22,female,+7 900 359-45-50,RaymondАнтонов
152,Зоя,Захарова,Анатольевна,2002-04-02,female,+7 967 962-95-07,dolor_non_ut
153,Алексей,Дмитриев,Андреевич,1999-02-26,male,+7 935 593-05-59,эПолякова
154,Оксана,Савельева,Афанасьевна,1991-01-06,female,+7 952 071-38-49,RonaldБорисов
155,Владимир,Давыдов,Антонович,1991-04-23,male,+7 920 466-83-64,CarolynДенисова
156,Олег,Александров,Михайлович,1999-11-01,male,+7 980 234-31-91,StevenМиллер
157,Вера,Полякова,Алексеевна,1998-10-04,female,+7 903 763-76-50,AnnieЛеонтьева
158,Раиса,Ушакова,Афанасьевна,1998-02-23,female,+7 980 559-24-17,SusanТрофимова
159,Екатерина,Осипова,Артемовна,1995-11-28,female,+7 952 956-77-49,LawrenceЯковлев
160,Николай,Федотов,Станиславович,1995-04-16,male,+7 982 111-55-49,яКонстантинов
161,Тамара,Наумова,Антоновна,1991-11-12,female,+7 979 716-09-77,хСергеев
162,Анна,Киселёва,Альбертовна,1995-10-10,female,+7 946 531-67-93,эПрокофьев
163,Федор,Константинов,Тимофеевич,2002-04-02,male,+7 920 713-16-60,beatae
164,Федор,Афанасьев,Борисович,1998-04-21,male,+7 904 960-53-99,FrancesТихомирова
165,Николай,Кириллов,Егорович,1994-12-15,male,+7 951 485-88-14,AngelaЧистякова
166,Василий,Воробьёв,Романович,1990-04-14,male,+7 906 057-68-88,пГусев
167,Людмила,Комарова,Алексеевна,1990-06-27,female,+7 916 371-42-88,HaroldТихомиров
168,Виталий,Данилов,Егорович,2000-06-29,male,+7 997 553-12-52,modi_nihil_quo
169,Федор,Дмитриев,Ильич,1994-01-15,male,+7 972 508-05-14,omnis_et
170,Анастасия,Макарова,Аркадьевна,1994-04-29,female,+7 913 850-22-08,JudithЛебедева
171,Александр,Максимов,Андреевич,1995-02-11,male,+7 937 484-70-61,чМартынова
172,Дарья,Мартынова,Алексеевна,1998-07-19,female,+7 954 017-65-55,рСидорова
173,Иван,Соколов,Геннадиевич,2001-08-17,male,+7 945 385-48-27,delectus
174,Василий,Фомин,Артемович,1995-09-04,male,+7 991 255-09-21,еАнтонов
175,Борис,Васильев,Робертович,1995-11-05,male,+7 953 480-00-14,RebeccaФилиппова
176,Наталья,Быкова,Альбертовна,2002-08-19,female,+7 903 871-76-74,WillieФролов
177,Марина,Баранова,Альбертовна,1996-04-13,female,+7 927 643-12-88,expedita_suscipit
178,Иван,Кириллов,Игоревич,2001-06-11,male,+7 913 349-33-54,JerryГолубев
179,Людмила,Лебедева,Архиповна,1999-08-26,female,+7 946 270-65-63,8Федотова
180,Елена,Шмидт,Александровна,2002-12-23,female,+7 974 372-46-64,CherylФёдорова
181,Галина,Волкова,Альбертовна,2002-08-07,female,+7 966 701-98-91,nesciunt_cumque_quo
182,Мария,Карпова,Архиповна,1999-10-14,female,+7 988 150-62-88,exercitationem_fuga_sed
183,Наталья,Игнатьева,Александровна,2003-07-05,female,+7 913 428-36-12,magni
184,Дарья,Матвеева,Аскольдовна,1991-10-08,female,+7 989 636-98-41,4Кудрявцева
185,Александра,Трофимова,Альбертовна,1995-12-29,female,+7 992 661-79-80,culpa_consectetur_voluptatem
186,Наталья,Шмидт,Андреевна,2004-09-30,female,+7 977 962-44-87,perspiciatis_velit_modi
187,Анатолий,Жуков,Григорьевич,2000-06-19,male,+7 913 710-31-68,мНикитин
188,Мария,Сидорова,Анатольевна,2001-03-27,female,+7 901 318-12-05,вБыкова
189,Юлия,Новикова,Анатольевна,2003-07-13,female,+7 953 926-92-31,AnneФомина
190,Оксана,Маркова,Алексеевна,2004-03-13,female,+7 918 366-09-03,architecto_illo_ipsam
191,Денис,Кондратьев,Степанович,1994-12-08,male,+7 909 846-77-68,7Щербаков
192,Антонина,Чистякова,Альбертовна,1991-12-12,female,+7 983 420-60-87,CharlesПетров
193,Александра,Фёдорова,Алексеевна,1993-02-05,female,+7 915 681-30-77,лСорокина
194,Юлия,Морозова,Афанасьевна,1995-10-24,female,+7 941 042-88-52,чМиронов
195,Борис,Филиппов,Вячеславович,1994-09-18,male,+7 978 245-84-74,MarthaСоколова
196,Алексей,Данилов,Денисович,2002-02-05,male,+7 959 667-04-47,nulla_et
197,Григорий,Шульц,Аркадьевич,1991-05-21,male,+7 974 035-69-24,AnthonyКрылов
198,Илья,Комаров,Романович,1992-06-04,male,+7 918 384-17-14,tempore_consectetur_aspernatur
199,Владимир,Фёдоров,Филиппович,1997-11-06,male,+7 956 053-69-12,бПопова
200,Юрий,Ушаков,Станиславович,1999-02-16,male,+7 961 257-75-87,esse_est
201,Андрей,Воробьёв,Данилович,1994-09-10,male,+7 968 476-85-42,дЛебедев
202,Екатерина,Яковлева,Алексеевна,1991-04-08,female,+7 950 395-19-21,maiores
203,Юлия,Денисова,Аскольдовна,2001-07-16,female,+7 954 400-97-00,гСтепанова
204,Степан,Трофимов,Ярославович,1997-11-22,male,+7 962 933-79-70,ыНикифорова
205,Виктория,Максимова,Артемовна,2004-10-15,female,+7 975 615-27-53,ClarenceЕфимов
206,Валерий,Фролов,Егорович,1998-12-30,male,+7 960 328-61-87,qui_molestiae
207,Антонина,Тимофеева,Аскольдовна,2001-04-21,female,+7 963 051-34-11,MatthewЛеонтьев
208,Раиса,Орлова,Альбертовна,1993-05-01,female,+7 962 031-67-13,AshleyШмидт
209,Владимир,Баранов,Матвеевич,2002-11-16,male,+7 905 004-81-12,8Попова
210,Александра,Филиппова,Аркадьевна,1999-04-12,female,+7 998 728-98-48,лДмитриева
211,Николай,Петров,Яковлевич,1996-08-23,male,+7 917 992-97-65,ь
212,Николай,Иванов,Сергеевич,1999-09-23,male,+7 936 564-07-53,sunt
213,Марина,Миронова,Аркадьевна,1993-02-08,female,+7 927 786-26-84,TimothyИванов
214,Екатерина,Наумова,Андреевна,2001-04-08,female,+7 995 287-59-61,et_rem_sapiente
215,Светлана,Гусева,Артемовна,1997-05-05,female,+7 998 605-18-20,AlanЩербаков
216,Павел,Константинов,Платонович,1995-03-25,male,+7 947 814-27-43,BrandonКондратьев
217,Параскева,Наумова,Алексеевна,1996-04-10,female,+7 953 945-03-03,MaryСидорова
218,Максим,Новиков,Павлович,2002-09-24,male,+7 911 022-61-42,BettyВоробьёва
219,Галина,Александрова,Александровна,2002-09-24,female,+7 958 307-51-45,JessicaМартынова
220,Григорий,Беляев,Эдуардович,1998-02-24,male,+7 950 957-97-49,id_sunt_mollitia
221,Илья,Ушаков,Геннадиевич,1995-04-09,male,+7 933 154-78-61,ChristinaФролова
222,Сергей,Иванов,Яковлевич,2001-02-18,male,+7 936 994-21-23,DennisКарпов
223,Григорий,Лебедев,Станиславович,2000-09-16,male,+7 970 578-18-70,цНазарова
224,Евгений,Соловьёв,Григорьевич,1994-09-28,male,+7 911 031-20-66,AliceСоболева
225,Ольга,Николаева,Александровна,1992-07-23,female,+7 942 536-27-56,чНазарова
226,Степан,Пономарёв,Константинович,2000-07-03,male,+7 956 599-11-17,JanetГерасимова
227,Елизавета,Смирнова,Анатольевна,2000-03-23,female,+7 966 233-20-97,MarthaАлексеева
228,Тамара,Герасимова,Архиповна,1994-03-06,female,+7 929 301-20-24,лШмидт
229,Валентина,Титова,Анатольевна,1995-07-19,female,+7 926 186-62-07,VictorКарпов
230,Алексей,Кузьмин,Юрьевич,1994-07-12,male,+7 967 190-63-29,voluptatum_praesentium_suscipit
231,Виктория,Никифорова,Аркадьевна,2000-08-13,female,+7 960 830-15-23,JesseСорокин
232,Людмила,Чистякова,Алексеевна,1992-04-28,female,+7 951 405-00-62,NicholasНазаров
233,Александра,Николаева,Антоновна,2002-06-04,female,+7 921 637-88-81,TheresaПолякова
234,Илья,Павлов,Денисович,1992-05-27,male,+7 907 669-12-55,ьГолубев
235,Анна,Львова,Антоновна,2003-04-12,female,+7 988 713-95-73,фВиноградова
236,Григорий,Троицкий,Петрович,2003-02-07,male,+7 926 182-72-90,JackДанилов
237,Елена,Прокофьева,Архиповна,2003-06-06,female,+7 989 109-59-32,harum_quam_qui
238,Марина,Кондратьева,Аскольдовна,1992-01-02,female,+7 932 169-20-59,aut_consequatur
239,Валентина,Егорова,Альбертовна,1999-11-21,female,+7 957 368-54-86,ShawnМатвеев
240,Валентина,Киселёва,Анатольевна,2001-03-13,female,+7 941 336-73-29,TimothyОсипов
241,Иван,Гусев,Викторович,1992-09-02,male,+7 982 562-96-00,sapiente
242,Елена,Карпова,Антоновна,2002-09-08,female,+7 998 801-17-82,RogerДмитриев
243,Юрий,Яковлев,Дмитриевич,1991-07-09,male,+7 979 352-93-08,modi
244,Денис,Киселёв,Георгиевич,1990-10-29,male,+7 940 311-02-67,LoisЗахарова
245,Степан,Беляев,Ильич,2001-11-12,male,+7 954 719-03-95,TammyВоробьёва
246,Никита,Григорьев,Алексеевич,2001-11-10,male,+7 906 933-44-92,лБорисов
247,Светлана,Крылова,Андреевна,2001-08-21,female,+7 927 139-24-29,fuga_qui_minus
248,Пелагия,Савельева,Андреевна,1993-01-02,female,+7 906 733-62-61,BrianКонстантинов
249,Вера,Миронова,Архиповна,1999-07-20,female,+7 912 540-41-48,HowardКузьмин
250,Дмитрий,Николаев,Николаевич,1990-12-28,male,+7 941 559-31-74,dolor_in_facilis
251,Дмитрий,Новиков,Викторович,1997-10-30,male,+7 976 018-10-21,DorisТихомирова
252,Петр,Покровский,Кириллович,1995-10-20,male,+7 983 978-86-96,MarkНикифоров
253,Агриппина,Захарова,Афанасьевна,2004-07-19,female,+7 938 343-58-88,aspernatur
254,Раиса,Сорокина,Алексеевна,1991-10-07,female,+7 911 075-04-53,neque_ratione_labore
255,Антонина,Савельева,Александровна,1990-05-15,female,+7 916 605-96-52,est
256,Лариса,Наумова,Алексеевна,1992-04-15,female,+7 901 415-12-48,шКудрявцев
257,Светлана,Федотова,Аркадьевна,2003-08-30,female,+7 987 351-92-41,ipsa_alias_ullam
258,Роман,Марков,Артемович,1997-02-18,male,+7 977 207-41-10,tempora
259,Евгений,Филиппов,Васильевич,2003-11-19,male,+7 951 624-93-94,AnthonyОсипов
260,Борис,Трофимов,Сергеевич,1999-09-14,male,+7 956 998-31-52,JamesДенисов
261,Татьяна,Максимова,Архиповна,1990-08-26,female,+7 963 084-67-68,consequuntur_quam_autem
262,Марина,Козлова,Архиповна,2002-05-02,female,+7 919 946-29-73,JuliaЗахарова
263,Анна,Павлова,Афанасьевна,1997-07-07,female,+7 994 571-92-34,йРоманова
264,Иван,Яковлев,Анатольевич,1996-07-11,male,+7 912 147-60-70,placeat_delectus
265,Вера,Крылова,Александровна,2000-10-30,female,+7 914 647-20-73,ShirleyВласова
266,Григорий,Беляев,Константинович,1997-08-01,male,+7 987 409-06-84,JanetСмирнова
267,Иван,Козлов,Львович,2000-05-01,male,+7 918 962-35-25,JoseКозлов
268,Виталий,Быков,Артемович,2003-02-23,male,+7 910 727-22-12,recusandae_dolor
269,Иван,Павлов,Николаевич,1994-01-10,male,+7 968 227-97-13,laudantium_veniam_doloremque
270,Лариса,Константинова,Антоновна,2004-04-25,female,+7 994 237-37-06,quo
271,Пелагия,Фролова,Артемовна,2004-08-07,female,+7 920 129-83-23,quidem
272,Екатерина,Покровскийа,Алексеевна,1998-12-19,female,+7 929 879-75-27,JeremyПавлов
273,Андрей,Гаврилов,Тимофеевич,1991-05-23,male,+7 926 802-47-59,LillianСоловьёва
274,Анна,Александрова,Аркадьевна,2001-01-09,female,+7 913 355-05-36,кКомарова
275,Елизавета,Мартынова,Антоновна,2002-02-24,female,+7 989 013-79-63,autem_exercitationem
276,Георгий,Макаров,Денисович,1990-04-02,male,+7 945 723-25-46,NormaАлексеева
277,Петр,Шульц,Александрович,2004-05-10,male,+7 927 285-69-72,eos_rerum
278,Оксана,Гусева,Аскольдовна,1991-11-20,female,+7 927 628-54-26,NormaРоманова
279,Сергей,Новиков,Тимофеевич,1994-12-27,male,+7 962 991-64-16,вТихомирова
280,Никита,Данилов,Эдуардович,2004-07-10,male,+7 993 400-86-43,Dennis
281,Владимир,Осипов,Георгиевич,1998-02-03,male,+7 967 425-09-60,бСоболева
282,Константин,Николаев,Романович,1990-03-20,male,+7 940 731-91-55,qui_accusamus_accusantium
283,Анна,Маркова,Андреевна,1991-09-22,female,+7 942 640-12-16,ьАндреев
284,Василий,Антонов,Георгиевич,1995-10-21,male,+7 930 095-18-49,similique_aut
285,Дмитрий,Алексеев,Михайлович,1991-06-05,male,+7 995 383-29-69,тПрокофьева
286,Степан,Баранов,Владиславович,1997-03-24,male,+7 924 575-83-57,sunt_tempora_perferendis
287,Николай,Семёнов,Ефимович,1990-08-18,male,+7 992 230-32-34,LoriБелова
288,Параскева,Гусева,Андреевна,1997-09-09,female,+7 967 735-55-22,4Григорьев
289,Клавдия,Константинова,Аскольдовна,2004-09-25,female,+7 966 715-75-01,KennethБеляев
290,Зоя,Иванова,Артемовна,1990-10-21,female,+7 943 597-87-26,quia_sequi_fuga
291,Кристина,Давыдова,Андреевна,2001-12-14,female,+7 927 333-74-20,architecto
292,Анастасия,Киселёва,Антоновна,1995-05-06,female,+7 931 702-94-85,нМакарова
293,Василий,Филиппов,Вячеславович,1991-11-13,male,+7 986 356-96-14,SusanИванова
294,Ольга,Кондратьева,Александровна,1997-08-25,female,+7 984 187-37-06,quia_ut
295,Ольга,Соболева,Аркадьевна,1998-12-26,female,+7 998 096-73-87,AshleyАлександрова
296,Юлия,Виноградова,Антоновна,1998-11-09,female,+7 905 695-93-24,ьКозлов
297,Николай,Степанов,Эдуардович,2001-10-24,male,+7 997 615-52-90,щЗайцев
298,Дмитрий,Миронов,Александрович,2004-08-21,male,+7 973 010-13-30,AliceДавыдова
299,Георгий,Баранов,Тимофеевич,2004-02-26,male,+7 950 169-96-17,est_praesentium
300,Параскева,Миронова,Аркадьевна,1993-08-05,female,+7 904 364-27-18,хДанилова
301,Валентина,Крылова,Антоновна,2002-04-11,female,+7 928 051-98-07,лАнтонов
302,Клавдия,Волкова,Архиповна,2004-07-22,female,+7 934 545-96-60,5Романова
303,Анастасия,Фёдорова,Аскольдовна,1997-02-04,female,+7 917 684-12-11,GeraldПокровский
304,Анатолий,Новиков,Игоревич,2003-05-06,male,+7 902 490-90-01,фПопова
305,Дмитрий,Прокофьев,Семенович,1995-07-01,male,+7 962 338-22-97,voluptatem_repellat_nihil
306,Валерий,Щербаков,Семенович,2001-02-28,male,+7 982 290-69-63,2Наумов
307,Пелагия,Максимова,Архиповна,2004-10-16,female,+7 971 145-75-75,reiciendis_earum
308,Раиса,Борисова,Антоновна,1994-11-24,female,+7 925 533-10-95,qui_dolor_est
309,Василий,Баранов,Владимирович,1997-05-08,male,+7 971 159-03-04,AnnaВоробьёва
310,Геннадий,Сергеев,Феликсович,1997-12-22,male,+7 943 628-94-62,ea_est_cum
311,Ольга,Никифорова,Артемовна,1992-01-10,female,+7 906 604-36-38,бТрофимова
312,Василий,Козлов,Львович,1999-11-26,male,+7 926 948-61-88,quia_quo_non
313,Екатерина,Афанасьева,Артемовна,1994-02-24,female,+7 987 012-86-39,exercitationem_et_et
314,Елизавета,Федотова,Аскольдовна,2002-05-12,female,+7 993 076-13-72,rem
315,Игорь,Соболев,Романович,2000-01-13,male,+7 997 301-23-32,pariatur_impedit
316,Елизавета,Андреева,Альбертовна,1998-05-21,female,+7 967 153-90-13,3Карпов
317,Максим,Игнатьев,Вячеславович,1996-04-10,male,+7 957 110-69-47,eos_aliquid_quaerat
318,Лидия,Смирнова,Антоновна,2003-10-14,female,+7 946 420-02-96,SteveБорисов
319,Марина,Павлова,Архиповна,1995-06-30,female,+7 929 457-67-66,incidunt
320,Александра,Шмидт,Алексеевна,2003-04-25,female,+7 921 639-66-38,aut
321,Людмила,Матвеева,Аркадьевна,2001-06-22,female,+7 953 690-45-55,PatrickКрылов
322,Светлана,Виноградова,Андреевна,1999-12-21,female,+7 935 541-47-86,consequatur_ullam_sed
323,Ольга,Козлова,Архиповна,1995-05-22,female,+7 911 163-81-47,KathyКириллова
324,Тамара,Николаева,Аскольдовна,1997-12-05,female,+7 955 238-79-22,5Виноградова
325,Степан,Кириллов,Владимирович,1995-05-12,male,+7 902 589-60-55,et_quod_libero
326,Борис,Миронов,Михайлович,1999-04-26,male,+7 927 438-78-49,оАбрамов
327,Георгий,Данилов,Игоревич,2001-11-20,male,+7 975 371-58-51,JoseКудрявцев
328,Георгий,Федотов,Филиппович,1999-09-09,male,+7 901 167-13-10,KatherineСоколова
329,Геннадий,Трофимов,Максимович,2003-10-14,male,+7 920 480-09-78,BrandonАнтонов
330,Алексей,Ильин,Робертович,1996-03-18,male,+7 970 210-71-65,sunt_voluptatum_et
331,Никита,Ефимов,Львович,1996-10-06,male,+7 941 579-84-14,et_rerum
332,Григорий,Назаров,Валерьевич,2004-10-30,male,+7 902 675-57-39,Lawrence
333,Елизавета,Матвеева,Аскольдовна,1996-06-21,female,+7 919 078-49-33,KatherineСемёнова
334,Павел,Воронин,Артемович,2000-11-26,male,+7 944 599-00-90,аГолубев
335,Нина,Власова,Алексеевна,1999-12-09,female,+7 942 691-49-72,ChristopherСоколов
336,Лариса,Титова,Александровна,2004-05-15,female,+7 947 566-80-05,аМатвеев
337,Зоя,Миронова,Аркадьевна,1993-12-03,female,+7 980 000-90-98,жПрокофьев
338,Оксана,Трофимова,Андреевна,1991-09-16,female,+7 985 721-06-87,consequatur
339,Дарья,Игнатьева,Антоновна,1994-10-25,female,+7 995 785-50-97,KevinСемёнов
340,Мария,Титова,Афанасьевна,2002-06-13,female,+7 930 022-64-40,нЧистяков
341,Федор,Давыдов,Викторович,2004-03-10,male,+7 984 326-81-37,9Зайцев
342,Лариса,Беляева,Алексеевна,1992-11-07,female,+7 915 531-48-88,HelenЕфимова
343,Тамара,Новикова,Альбертовна,2003-02-13,female,+7 945 249-55-57,AmyФролова
344,Денис,Герасимов,Анатольевич,1994-11-18,male,+7 951 840-36-47,FrankЛеонтьев
345,Анатолий,Новиков,Михайлович,1997-11-02,male,+7 927 703-30-95,LauraМиллера
346,Константин,Виноградов,Эдуардович,1992-03-13,male,+7 964 568-50-65,dolores
347,Виталий,Троицкий,Ильич,1999-10-14,male,+7 944 716-49-68,JosephМиронов
348,Агриппина,Мартынова,Анатольевна,2004-04-25,female,+7 905 744-39-26,GregoryКириллов
349,Максим,Покровский,Феликсович,1996-05-27,male,+7 973 449-31-95,non_corrupti_et
350,Александр,Марков,Степанович,1996-11-29,male,+7 946 410-81-67,commodi_quam
351,Роман,Федотов,Леонидович,1996-11-13,male,+7 913 755-51-13,repellat
352,Сергей,Кондратьев,Эдуардович,2004-09-27,male,+7 906 426-28-16,aut_odio_dolorem
353,Геннадий,Макаров,Михайлович,1990-11-08,male,+7 920 106-56-95,dolorem_velit_ut
354,Антонина,Пономарёва,Андреевна,1990-05-14,female,+7 955 367-59-46,SaraВасильева
355,Оксана,Жукова,Аскольдовна,1994-12-25,female,+7 917 782-68-59,facere
356,Михаил,Соловьёв,Константинович,1996-11-07,male,+7 965 927-01-97,sint
357,Максим,Николаев,Филиппович,1995-01-01,male,+7 990 486-98-87,quia_dolore_consequatur
358,Максим,Герасимов,Александрович,2004-12-06,male,+7 928 009-08-49,2Григорьев
359,Дмитрий,Осипов,Андреевич,2001-09-16,male,+7 995 898-42-35,ыЛебедева
360,Анатолий,Дмитриев,Игоревич,1997-10-08,male,+7 932 371-79-22,жДавыдова
361,Анна,Фролова,Антоновна,2001-02-06,female,+7 941 913-55-80,doloremque
362,Никита,Морозов,Ярославович,1991-09-21,male,+7 908 257-60-91,RogerТимофеев
363,Михаил,Павлов,Львович,2000-08-30,male,+7 972 553-43-94,et_repellat_sunt
364,Кристина,Тихомирова,Алексеевна,2000-03-29,female,+7 925 935-53-29,maxime_ullam
365,Виктор,Антонов,Евгеньевич,2001-12-12,male,+7 965 564-84-60,sunt_debitis_temporibus
366,Ольга,Троицкая,Афанасьевна,1993-02-05,female,+7 996 071-86-15,sed_enim
367,Анастасия,Соболева,Анатольевна,1996-11-15,female,+7 915 156-85-26,ipsum
368,Виктор,Егоров,Феликсович,2004-01-25,male,+7 995 499-40-61,ToddПавлов
369,Ирина,Фомина,Андреевна,1999-05-10,female,+7 942 852-87-17,exercitationem_reprehenderit_labore
370,Максим,Савельев,Юрьевич,1998-08-12,male,+7 984 650-42-46,DorothyКозлова
371,Геннадий,Максимов,Вячеславович,2001-01-16,male,+7 975 491-26-26,AliceНиколаева
372,Денис,Григорьев,Егорович,1995-11-22,male,+7 964 102-57-37,BeverlyЛебедева
373,Николай,Семёнов,Игоревич,1991-09-25,male,+7 999 574-44-75,2Волков
374,Олег,Мартынов,Иосифович,2002-10-08,male,+7 923 508-76-16,ыОрлова
375,Евгений,Фролов,Петрович,1994-11-27,male,+7 984 654-84-13,iure_fuga_doloremque
376,Константин,Матвеев,Павлович,1999-05-04,male,+7 941 309-83-28,ChristineНаумова
377,Светлана,Иванова,Александровна,1994-04-27,female,+7 993 331-94-35,юВоробьёва
378,Олег,Сорокин,Викторович,1994-10-02,male,+7 918 509-93-50,qui_quia
379,Кристина,Власова,Артемовна,1998-04-04,female,+7 918 070-64-04,MichaelВиноградов
380,Агриппина,Власова,Архиповна,1993-09-09,female,+7 930 383-40-89,оАнтонов
381,Раиса,Абрамова,Афанасьевна,1995-05-16,female,+7 988 840-07-59,2Васильев
382,Михаил,Кондратьев,Алексеевич,1992-02-07,male,+7 996 365-21-06,similique_qui_et
383,Валентина,Миллера,Антоновна,1994-06-29,female,+7 988 334-25-78,qui
384,Светлана,Семёнова,Афанасьевна,1994-12-14,female,+7 980 638-78-54,AdamМатвеев
385,Светлана,Кузьмина,Андреевна,1992-09-16,female,+7 912 926-17-39,AlanГригорьев
386,Марина,Карпова,Афанасьевна,1993-09-16,female,+7 999 500-80-82,corporis_consequuntur
387,Агриппина,Власова,Артемовна,1999-09-16,female,+7 965 151-01-24,9Морозов
388,Денис,Баранов,Робертович,1997-12-04,male,+7 930 698-83-17,KatherineЗахарова
389,Ирина,Лебедева,Архиповна,2001-05-03,female,+7 927 262-28-13,ыТитов
390,Ольга,Алексеева,Афанасьевна,1991-03-05,female,+7 982 931-71-60,MariaМаксимова
391,Екатерина,Щербакова,Аскольдовна,1991-02-23,female,+7 964 885-19-81,vel_aliquid
392,Лариса,Орлова,Антоновна,1999-08-30,female,+7 962 812-47-70,ut_qui_minima
393,Денис,Петров,Вячеславович,1996-02-26,male,+7 915 414-20-66,StephenАлександров
394,Степан,Тихомиров,Георгиевич,1992-03-26,male,+7 952 120-46-90,юКомаров
395,Оксана,Попова,Александровна,1990-10-11,female,+7 929 730-38-18,assumenda
396,Виктор,Соболев,Владимирович,2000-07-08,male,+7 991 949-72-94,fuga_repudiandae_maxime
397,Евгений,Шульц,Петрович,2002-09-17,male,+7 920 017-20-47,FredБаранов
398,Анастасия,Александрова,Андреевна,1992-10-15,female,+7 926 622-96-53,AliceВоробьёва
399,Виктория,Щербакова,Афанасьевна,1996-11-08,female,+7 918 662-69-83,StephanieЛеонтьева
400,Владимир,Соболев,Алексеевич,2000-09-28,male,+7 927 941-28-61,esse
401,Георгий,Петров,Николаевич,1991-02-13,male,+7 998 478-26-94,officia_quisquam
402,Сергей,Щербаков,Михайлович,1996-07-30,male,+7 905 509-50-18,exercitationem_reprehenderit_aut
403,Параскева,Воробьёва,Артемовна,1994-07-11,female,+7 965 855-52-09,MariaДмитриева
404,Андрей,Кузнецов,Леонидович,2002-07-16,male,+7 948 821-76-93,оНикифоров
405,Екатерина,Смирнова,Алексеевна,1995-08-12,female,+7 917 239-63-08,dolorum_ipsam
406,Марина,Баранова,Аскольдовна,1991-10-12,female,+7 973 872-40-10,assumenda_voluptatem_et
407,Нина,Гаврилова,Антоновна,1990-12-17,female,+7 915 974-93-75,aut_ipsum
408,Максим,Шмидт,Борисович,1995-05-30,male,+7 954 681-50-11,EdwardКозлов
409,Федор,Троицкий,Андреевич,1999-12-08,male,+7 976 375-59-01,laudantium
410,Нина,Савельева,Андреевна,1999-07-14,female,+7 928 498-40-49,EmilyПокровскийа
411,Сергей,Зайцев,Станиславович,1991-07-10,male,+7 983 639-00-93,RoseКонстантинова
412,Григорий,Васильев,Валерьевич,1993-05-18,male,+7 931 158-42-08,similique_ea_sit
413,Павел,Максимов,Эдуардович,1997-02-23,male,+7 938 587-36-57,EricВоробьёв
414,Екатерина,Воронина,Андреевна,2003-05-08,female,+7 900 012-36-66,5Лебедев
415,Геннадий,Дмитриев,Семенович,2003-05-23,male,+7 988 094-83-44,DorothyБорисова
416,Марина,Семёнова,Артемовна,1995-11-29,female,+7 989 513-41-66,вВоробьёв
417,Марина,Лебедева,Архиповна,1991-05-24,female,+7 937 892-65-58,excepturi_in
418,Антонина,Давыдова,Аркадьевна,1997-02-23,female,+7 998 078-85-89,et_laborum_error
419,Агриппина,Сорокина,Аскольдовна,1998-01-30,female,+7 963 230-73-21,eum_amet_error
420,Юрий,Орлов,Робертович,1990-05-09,male,+7 954 238-35-88,qui_repellat_magni
421,Анатолий,Чистяков,Иванович,2004-08-18,male,+7 992 255-47-74,1Орлов
422,Екатерина,Сергеева,Афанасьевна,1992-09-11,female,+7 923 956-96-14,incidunt_et
423,Татьяна,Семёнова,Алексеевна,1996-03-14,female,+7 945 213-75-97,JanetПетрова
424,Нина,Игнатьева,Аскольдовна,1990-03-14,female,+7 916 374-69-82,JohnnyУшаков
425,Николай,Мартынов,Алексеевич,2003-08-20,male,+7 938 149-24-58,JoyceГерасимова
426,Виктор,Чистяков,Павлович,1996-09-14,male,+7 950 742-94-01,DonaldСорокин
427,Роман,Данилов,Семенович,1993-05-22,male,+7 971 294-53-89,тВиноградова
428,Евдокия,Миллера,Антоновна,2004-11-10,female,+7 929 804-33-51,JoseЛеонтьев
429,Федор,Прокофьев,Михайлович,1995-02-24,male,+7 977 989-53-96,BenjaminКузнецов
430,Лариса,Никифорова,Артемовна,1998-06-22,female,+7 968 842-18-56,iusto_eligendi
431,Виталий,Трофимов,Иванович,2001-05-18,male,+7 912 143-22-14,6Жукова
432,Пелагия,Афанасьева,Афанасьевна,1996-11-09,female,+7 931 966-76-62,nisi_consequuntur_dolore
433,Александр,Фролов,Ильич,1994-11-11,male,+7 964 396-65-19,TinaАндреева
434,Виктория,Григорьева,Алексеевна,2002-03-21,female,+7 954 614-44-31,BruceКириллов
435,Александр,Яковлев,Тарасович,1991-05-29,male,+7 927 421-30-44,alias
436,Оксана,Миронова,Аскольдовна,1997-06-20,female,+7 908 600-64-13,JoeНазаров
437,Федор,Фёдоров,Кириллович,2000-12-22,male,+7 916 760-49-02,хМихайлов
438,Игорь,Филиппов,Алексеевич,2004-10-18,male,+7 938 314-06-93,7Ушакова
439,Людмила,Сидорова,Афанасьевна,1994-03-24,female,+7 900 661-76-64,RonaldАлександров
440,Анна,Маркова,Анатольевна,1990-12-04,female,+7 959 350-49-60,ipsa_et_cum
441,Георгий,Щербаков,Платонович,1990-02-20,male,+7 951 461-07-73,tenetur
442,Виктор,Максимов,Владимирович,1993-03-18,male,+7 995 117-88-54,CarlАндреев
443,Алексей,Соболев,Матвеевич,2004-02-24,male,+7 909 514-25-57,эЩербаков
444,Валентина,Миллера,Александровна,1990-07-10,female,+7 968 043-97-40,aut_nemo
445,Виталий,Осипов,Игоревич,1999-11-06,male,+7 926 233-55-46,рБыков
446,Геннадий,Алексеев,Артемович,1992-02-03,male,+7 969 415-25-96,laudantium_tempore
447,Олег,Назаров,Владимирович,1991-04-12,male,+7 942 060-22-71,гЗахарова
448,Раиса,Соколова,Андреевна,2000-03-03,female,+7 928 685-14-24,temporibus_totam
449,Роман,Голубев,Витальевич,2002-04-12,male,+7 905 658-37-35,dignissimos_voluptatem_harum
450,Виктория,Давыдова,Антоновна,1992-01-24,female,+7 931 777-42-02,molestiae_illo_ea
451,Агриппина,Баранова,Афанасьевна,2003-09-12,female,+7 956 644-64-27,JulieСорокина
452,Валерий,Степанов,Аркадьевич,1994-07-28,male,+7 929 311-81-88,StephenВасильев
453,Максим,Мартынов,Феликсович,2001-01-23,male,+7 932 416-25-84,1Орлова
454,Кристина,Петрова,Аскольдовна,1999-07-08,female,+7 935 377-25-21,DorisСмирнова
455,Илья,Прокофьев,Яковлевич,2002-08-15,male,+7 960 399-60-46,3Воробьёв
456,Клавдия,Маркова,Афанасьевна,2001-09-12,female,+7 979 271-91-42,жФомин
457,Никита,Павлов,Александрович,1994-11-26,male,+7 952 779-38-67,4Быков
458,Геннадий,Соловьёв,Богданович,1999-02-25,male,+7 973 398-16-89,inventore_est_quis
459,Юрий,Соловьёв,Платонович,1996-03-21,male,+7 984 904-03-41,6Дмитриева
460,Зоя,Виноградова,Архиповна,1994-08-15,female,+7 911 855-29-16,nihil_ea
461,Владимир,Захаров,Кириллович,1991-07-03,male,+7 976 574-50-38,RubyОрлова
462,Евдокия,Михайлова,Андреевна,1990-08-26,female,+7 980 083-82-70,ъКудрявцева
463,Юлия,Алексеева,Анатольевна,1998-06-29,female,+7 962 877-87-08,JudithКрылова
464,Кристина,Абрамова,Аскольдовна,1991-09-15,female,+7 972 497-54-77,enim
465,Марина,Давыдова,Афанасьевна,1996-05-27,female,+7 932 218-31-03,BettyКиселёва
466,Владимир,Семёнов,Артемович,1995-06-14,male,+7 965 706-61-98,quod
467,Федор,Воробьёв,Константинович,2002-10-23,male,+7 939 656-79-56,2Полякова
468,Георгий,Яковлев,Иосифович,1998-01-01,male,+7 979 669-14-99,et
469,Денис,Яковлев,Данилович,1997-03-28,male,+7 909 158-56-07,0Кондратьев
470,Анатолий,Волков,Иванович,1995-11-04,male,+7 943 235-10-05,KathrynЛебедева
471,Мария,Ефимова,Афанасьевна,2004-12-17,female,+7 926 679-93-53,щОрлов
472,Антонина,Пономарёва,Александровна,2004-08-13,female,+7 990 473-99-51,щБогданова
473,Параскева,Дмитриева,Александровна,1998-11-20,female,+7 940 324-51-06,AliceБеляева
474,Раиса,Соловьёва,Артемовна,1999-03-08,female,+7 983 794-11-24,дДенисов
475,Светлана,Никитина,Алексеевна,1999-06-18,female,+7 999 867-90-20,RubyГолубева
476,Борис,Денисов,Юрьевич,1990-02-19,male,+7 924 075-09-26,яДавыдов
477,Валентина,Орлова,Алексеевна,1999-09-26,female,+7 997 990-13-24,9Сорокина
478,Евдокия,Зайцева,Афанасьевна,1991-01-10,female,+7 986 273-56-33,щБыков
479,Агриппина,Григорьева,Альбертовна,1998-09-11,female,+7 917 889-30-16,RussellКириллов
480,Параскева,Соловьёва,Александровна,2003-04-02,female,+7 967 066-15-09,чСемёнов
481,Валентина,Наумова,Аркадьевна,1994-10-19,female,+7 907 985-90-39,йМихайлов
482,Лидия,Осипова,Александровна,1992-05-29,female,+7 904 862-79-52,лИванова
483,Александр,Степанов,Павлович,1992-04-16,male,+7 988 293-57-70,2Ильин
484,Елизавета,Егорова,Аскольдовна,2000-04-13,female,+7 920 128-46-29,CarlЛьвов
485,Григорий,Троицкий,Викторович,1997-05-13,male,+7 910 710-96-39,consequatur_eligendi
486,Иван,Никитин,Кириллович,2000-08-18,male,+7 912 599-12-45,praesentium_blanditiis_molestiae
487,Кристина,Виноградова,Аскольдовна,1993-09-09,female,+7 925 723-76-16,LouisМорозов
488,Георгий,Кузнецов,Сергеевич,1993-06-04,male,+7 947 288-75-54,JeanЛебедева
489,Елена,Маркова,Аскольдовна,1997-12-22,female,+7 935 568-19-70,reiciendis_culpa
490,Юлия,Миллера,Александровна,1992-04-05,female,+7 990 427-42-66,ea_dignissimos_veritatis
491,Николай,Тихомиров,Николаевич,1990-04-21,male,+7 974 468-88-69,ъНаумова
492,Татьяна,Кириллова,Алексеевна,1994-02-13,female,+7 953 602-07-51,JaniceРоманова
493,Татьяна,Тимофеева,Андреевна,1990-05-27,female,+7 960 794-50-44,dolorum
494,Василий,Никитин,Феликсович,2002-08-07,male,+7 975 831-65-90,PhyllisПавлова
495,Юлия,Прокофьева,Аскольдовна,1994-12-15,female,+7 918 184-80-60,non_aut_omnis
496,Алексей,Романов,Павлович,1994-08-10,male,+7 913 726-39-53,рЯковлев
497,Валерий,Никифоров,Ефимович,1992-06-20,male,+7 960 334-50-02,жМиронова
498,Алексей,Денисов,Семенович,1993-01-31,male,+7 927 393-92-31,debitis
499,Тамара,Сорокина,Анатольевна,1997-09-13,female,+7 915 679-96-28,AnnieТимофеева
500,Валентина,Максимова,Аркадьевна,1990-06-28,female,+7 962 425-90-17,SteveБелов
501,Алексей,Михайлов,Матвеевич,1998-07-16,male,+7 987 258-68-05,эАлександрова
502,Оксана,Фёдорова,Анатольевна,1997-05-22,female,+7 900 590-42-69,PhyllisАбрамова
503,Илья,Макаров,Юрьевич,1998-05-13,male,+7 985 418-04-53,repudiandae_sunt
504,Татьяна,Николаева,Архиповна,1999-12-25,female,+7 913 227-17-35,DennisОсипов
505,Павел,Шульц,Максимович,1990-12-31,male,+7 937 610-97-20,AlanКрылов
506,Раиса,Ушакова,Афанасьевна,1998-12-21,female,+7 968 445-30-62,LarryСоловьёв
507,Раиса,Макарова,Архиповна,2001-06-23,female,+7 947 105-11-06,minima
508,Валерий,Тихомиров,Тимофеевич,1999-11-14,male,+7 928 204-44-68,MartinСтепанов
509,Лариса,Филиппова,Афанасьевна,1991-12-15,female,+7 965 445-62-14,фТихомиров
510,Елена,Дмитриева,Альбертовна,1997-03-21,female,+7 924 056-96-20,0Львова
511,Василий,Щербаков,Яковлевич,2004-11-28,male,+7 958 108-41-74,PhyllisТроицкая
512,Юлия,Беляева,Аркадьевна,2003-10-27,female,+7 949 859-96-28,eligendi_nulla_nostrum
513,Нина,Андреева,Архиповна,1992-08-05,female,+7 907 875-48-99,ъФомина
514,Елизавета,Тихомирова,Артемовна,2002-06-27,female,+7 947 248-86-17,unde_ipsam
515,Владимир,Титов,Игоревич,2004-10-06,male,+7 970 862-09-87,вЖуков
516,Тамара,Николаева,Антоновна,2004-03-17,female,+7 929 393-21-71,CarolЗахарова
517,Пелагия,Орлова,Артемовна,1997-01-23,female,+7 979 653-47-74,sequi
518,Лариса,Гусева,Андреевна,1992-08-08,female,+7 999 200-03-60,LillianКозлова
519,Анна,Соболева,Антоновна,2003-04-25,female,+7 905 751-47-55,assumenda_voluptas_id
520,Илья,Зайцев,Александрович,1998-06-06,male,+7 922 610-45-13,ShirleyАндреева
521,Ирина,Трофимова,Алексеевна,1992-08-15,female,+7 936 734-54-57,velit
522,Олег,Антонов,Викторович,1993-06-16,male,+7 911 869-40-39,AndreaМиллера
523,Юлия,Белова,Анатольевна,1996-04-03,female,+7 935 659-87-42,ыИванова
524,Галина,Степанова,Артемовна,2004-02-20,female,+7 955 637-43-12,ShirleyПолякова
525,Кристина,Козлова,Анатольевна,1994-10-08,female,+7 907 460-58-25,quaerat_voluptas_commodi
526,Игорь,Алексеев,Анатольевич,1995-02-15,male,+7 959 728-00-26,шДанилов
527,Вера,Афанасьева,Артемовна,2001-09-18,female,+7 954 108-32-64,ьМартынова
528,Федор,Тимофеев,Иванович,1992-07-26,male,+7 990 090-28-77,HarryМакаров
529,Роман,Данилов,Артемович,2000-12-11,male,+7 901 773-11-54,placeat_laboriosam_rerum
530,Андрей,Комаров,Егорович,2002-07-19,male,+7 988 765-63-04,sed_est_quidem
531,Денис,Гаврилов,Иванович,2002-09-01,male,+7 933 185-40-11,sit
532,Василий,Прокофьев,Геннадиевич,1997-04-23,male,+7 984 126-39-76,MarthaВласова
533,Лидия,Зайцева,Архиповна,1998-08-20,female,+7 962 400-11-96,possimus
534,Людмила,Сидорова,Артемовна,1999-04-01,female,+7 955 695-52-50,doloribus
535,Галина,Воронина,Архиповна,1992-03-21,female,+7 967 103-06-94,KathrynАнтонова
536,Анастасия,Новикова,Алексеевна,2003-11-14,female,+7 979 759-19-67,TerryЕфимов
537,Михаил,Фролов,Станиславович,1998-11-27,male,+7 903 784-47-63,fugiat_expedita
538,Роман,Денисов,Ильич,2004-09-06,male,+7 982 187-82-35,dolorem_recusandae
539,Николай,Михайлов,Владимирович,1990-04-07,male,+7 925 337-39-02,voluptatibus_nam_ut
540,Надежда,Соболева,Артемовна,2002-04-07,female,+7 980 197-31-15,ёМихайлова
541,Параскева,Афанасьева,Аскольдовна,1991-02-15,female,+7 966 978-77-44,RobinНовикова
542,Виталий,Волков,Дмитриевич,2002-12-04,male,+7 992 114-30-37,in
543,Лидия,Попова,Антоновна,1992-11-18,female,+7 927 596-44-67,ъМиллер
544,Никита,Фомин,Антонович,1992-11-09,male,+7 929 499-30-01,SarahМиллера
545,Людмила,Данилова,Афанасьевна,1998-06-30,female,+7 944 105-18-29,et_vel
546,Сергей,Ефимов,Филиппович,2003-01-17,male,+7 959 302-29-27,бЛьвов
547,Агриппина,Шмидт,Алексеевна,1994-10-01,female,+7 989 514-54-77,MarthaТитова
548,Пелагия,Игнатьева,Антоновна,2001-01-19,female,+7 930 296-39-18,иВиноградов
549,Любовь,Гусева,Афанасьевна,1990-10-21,female,+7 967 964-49-85,debitis_perferendis_et
550,Павел,Власов,Сергеевич,2001-09-06,male,+7 915 797-51-72,кМаркова
551,Анастасия,Воробьёва,Аркадьевна,1994-05-22,female,+7 955 557-08-88,4Щербаков
552,Петр,Никитин,Тимофеевич,2004-12-13,male,+7 976 024-87-03,vero_nihil
553,Нина,Троицкая,Аскольдовна,1994-08-11,female,+7 965 538-72-89,9Семёнов
554,Лариса,Ушакова,Аркадьевна,2004-02-20,female,+7 908 992-94-74,CynthiaГаврилова
555,Михаил,Зайцев,Витальевич,1995-04-27,male,+7 942 192-92-52,ut_fugiat_sunt
556,Параскева,Гусева,Аскольдовна,1998-02-11,female,+7 951 927-95-28,7Савельева
557,Павел,Никифоров,Павлович,1998-06-22,male,+7 933 376-60-89,LoisМорозова
558,Дарья,Беляева,Афанасьевна,1997-09-01,female,+7 924 433-77-52,JulieСоболева
559,Виктория,Ушакова,Артемовна,2001-07-22,female,+7 978 060-90-16,GeraldКириллов
560,Виктор,Прокофьев,Денисович,1992-01-17,male,+7 924 664-18-25,EvelynРоманова
561,Вера,Тимофеева,Анатольевна,1991-10-25,female,+7 931 496-84-30,SteveБогданов
562,Иван,Крылов,Богданович,2003-11-22,male,+7 958 513-75-58,ipsam_adipisci_tempora
563,Юрий,Ильин,Борисович,1990-12-28,male,+7 923 264-38-93,cupiditate_quam
564,Вера,Савельева,Архиповна,1993-08-08,female,+7 996 227-79-42,JamesАнтонов
565,Любовь,Покровскийа,Андреевна,1998-04-01,female,+7 949 697-95-37,quam_hic
566,Галина,Полякова,Артемовна,1997-10-03,female,+7 952 458-96-48,RachelСоболева
567,Ирина,Беляева,Альбертовна,2003-02-04,female,+7 960 136-20-06,зВасильева
568,Роман,Миронов,Богданович,1996-02-07,male,+7 987 873-37-02,ьБаранова
569,Ирина,Покровскийа,Александровна,2002-01-24,female,+7 991 243-41-65,4Карпов
570,Раиса,Макарова,Алексеевна,1992-10-15,female,+7 990 946-73-72,сНиколаев
571,Антонина,Волкова,Аскольдовна,2004-12-06,female,+7 906 738-56-40,жМаксимова
572,Алексей,Александров,Константинович,1993-01-08,male,+7 982 057-58-09,magnam_et_libero
573,Марина,Смирнова,Алексеевна,1993-01-01,female,+7 938 832-92-93,эАнтонов
574,Евгений,Фомин,Эдуардович,1995-10-12,male,+7 916 130-76-07,оПопов
575,Лидия,Степанова,Архиповна,2000-12-16,female,+7 949 579-33-32,пМатвеева
576,Олег,Игнатьев,Игоревич,1997-09-02,male,+7 951 771-17-84,earum_nesciunt_natus
577,Тамара,Павлова,Аскольдовна,1994-04-29,female,+7 950 979-62-62,voluptatum_qui_rerum
578,Евдокия,Комарова,Антоновна,2002-05-28,female,+7 966 239-51-49,CraigАндреев
579,Евдокия,Трофимова,Анатольевна,2002-01-17,female,+7 959 958-66-58,itaque_numquam_fugit
580,Дмитрий,Константинов,Сергеевич,1995-04-11,male,+7 933 247-14-60,ScottЖуков
581,Параскева,Ильина,Артемовна,1990-02-04,female,+7 995 197-94-20,nam
582,Валентина,Троицкая,Антоновна,2001-09-03,female,+7 932 143-10-13,qui_itaque_molestias
583,Татьяна,Чистякова,Аскольдовна,1991-07-18,female,+7 957 862-65-92,WilliamТихомиров
584,Мария,Виноградова,Антоновна,1994-11-20,female,+7 984 397-34-34,тГусев
585,Наталья,Тимофеева,Александровна,1999-08-09,female,+7 984 728-53-67,placeat_dolorem
586,Екатерина,Трофимова,Афанасьевна,2003-02-07,female,+7 916 977-72-38,6Петрова
587,Екатерина,Александрова,Антоновна,1992-12-29,female,+7 964 297-07-71,VictorДмитриев
588,Андрей,Тимофеев,Вячеславович,2004-04-01,male,+7 992 248-13-32,RoyТихомиров
589,Кристина,Романова,Андреевна,2002-10-01,female,+7 993 762-18-66,AlbertБорисов
590,Александр,Макаров,Дмитриевич,1992-12-24,male,+7 977 280-58-39,rerum_fugiat
591,Любовь,Фролова,Архиповна,2002-06-17,female,+7 907 629-69-95,qui_ut
592,Людмила,Богданова,Артемовна,1993-07-04,female,+7 986 908-22-39,еАнтонова
593,Ольга,Михайлова,Аскольдовна,1995-12-28,female,+7 981 534-76-46,1Фомин
594,Нина,Андреева,Аркадьевна,2000-03-08,female,+7 970 278-74-97,autem
595,Денис,Игнатьев,Артемович,1999-01-31,male,+7 950 769-65-81,аЖуков
596,Юрий,Быков,Степанович,1990-02-12,male,+7 949 740-20-72,AnneОрлова
597,Нина,Ефимова,Артемовна,1990-07-01,female,+7 967 866-87-47,eaque
598,Никита,Козлов,Васильевич,1990-08-06,male,+7 934 871-23-68,quia_ut_quibusdam
599,Максим,Попов,Владимирович,1994-12-14,male,+7 942 989-98-84,AlbertМиллер
600,Валерий,Трофимов,Анатольевич,1995-10-13,male,+7 904 869-78-55,StevenНовиков
601,Евдокия,Соболева,Анатольевна,1991-04-21,female,+7 938 596-18-50,sunt_dolores_fuga
602,Дмитрий,Павлов,Антонович,1998-09-19,male,+7 925 415-78-21,VictorМатвеев
603,Надежда,Ушакова,Архиповна,1997-04-02,female,+7 982 640-92-27,3Пономарёва
604,Лариса,Тихомирова,Аркадьевна,1996-06-23,female,+7 934 658-09-67,amet_et_tempora
605,Ольга,Иванова,Афанасьевна,1990-08-05,female,+7 945 983-69-60,KimberlyКомарова
606,Ирина,Смирнова,Анатольевна,1992-05-23,female,+7 966 506-49-85,ea
607,Мария,Назарова,Андреевна,1995-09-21,female,+7 902 782-60-92,aliquam_modi_ea
608,Петр,Мартынов,Кириллович,1992-04-06,male,+7 938 783-33-39,1Марков
609,Марина,Филиппова,Афанасьевна,1991-05-17,female,+7 947 709-52-37,цМартынова
610,Борис,Ильин,Григорьевич,1998-10-02,male,+7 977 163-74-92,цФролова
611,Степан,Игнатьев,Борисович,1996-05-23,male,+7 942 129-77-38,5Шульца
612,Алексей,Кириллов,Платонович,1991-11-09,male,+7 992 165-82-88,6Покровскийа
613,Агриппина,Максимова,Афанасьевна,1998-08-11,female,+7 978 303-93-29,ut_eius
614,Марина,Жукова,Александровна,1993-11-03,female,+7 938 001-12-09,aliquid
615,Александра,Прокофьева,Алексеевна,2000-02-15,female,+7 991 854-50-83,ut_dolore_pariatur
616,Сергей,Миллер,Васильевич,1999-06-17,male,+7 911 017-73-62,id_temporibus_asperiores
617,Виктор,Петров,Вячеславович,1996-02-05,male,+7 948 625-99-89,вЕфимов
618,Михаил,Трофимов,Феликсович,2002-10-20,male,+7 901 763-00-85,BrendaВиноградова
619,Александр,Щербаков,Павлович,1996-11-03,male,+7 901 511-96-24,adipisci_temporibus_sed
620,Александра,Герасимова,Аркадьевна,1998-11-25,female,+7 970 885-58-51,оГригорьев
621,Виктория,Степанова,Артемовна,2004-01-07,female,+7 905 065-96-65,dicta
622,Сергей,Власов,Феликсович,2000-12-26,male,+7 966 336-55-23,щОрлова
623,Кристина,Давыдова,Аскольдовна,1999-08-15,female,+7 910 301-66-43,qui_rerum
624,Борис,Смирнов,Вячеславович,2002-05-31,male,+7 996 668-40-33,4Фёдоров
625,Кристина,Прокофьева,Аскольдовна,1993-10-08,female,+7 986 422-02-39,qui_corrupti
626,Виталий,Ефимов,Антонович,1999-09-08,male,+7 904 811-39-16,5Фролов
627,Василий,Ушаков,Романович,1999-06-22,male,+7 927 244-58-55,JimmyВиноградов
628,Юрий,Быков,Вячеславович,1996-07-13,male,+7 966 928-90-67,voluptatem_sapiente
629,Валерий,Сидоров,Аркадьевич,1993-06-09,male,+7 967 004-20-44,MildredСоловьёва
630,Лидия,Давыдова,Алексеевна,1993-05-26,female,+7 998 325-65-99,GeraldФедотов
631,Лидия,Васильева,Антоновна,2002-04-15,female,+7 970 824-96-96,нТимофеева
632,Никита,Никифоров,Богданович,1991-06-24,male,+7 952 253-11-54,reprehenderit_similique_debitis
633,Наталья,Кузнецова,Альбертовна,2003-11-03,female,+7 961 452-04-60,ClarenceНикифоров
634,Виктор,Баранов,Егорович,1997-12-23,male,+7 939 841-39-12,HaroldФедотов
635,Любовь,Соловьёва,Антоновна,1993-12-06,female,+7 912 830-11-01,йАлександров
636,Андрей,Голубев,Борисович,2000-02-09,male,+7 908 317-87-19,LouisНикитин
637,Михаил,Щербаков,Платонович,2001-06-21,male,+7 946 961-80-71,кГерасимов
638,Андрей,Тихомиров,Яковлевич,2004-10-19,male,+7 935 976-34-56,suscipit_commodi_non
639,Валентина,Макарова,Артемовна,2004-06-05,female,+7 913 633-83-60,iste_nulla_vel
640,Антонина,Захарова,Аркадьевна,1991-10-09,female,+7 900 512-57-25,гБогданов
641,Лариса,Васильева,Артемовна,2004-09-30,female,+7 927 953-67-84,аНикитина
642,Борис,Кудрявцев,Анатольевич,2001-11-07,male,+7 988 133-15-64,AshleyРоманова
643,Андрей,Щербаков,Константинович,1997-08-12,male,+7 967 712-65-26,3Николаева
644,Иван,Семёнов,Богданович,1992-09-24,male,+7 966 029-57-33,вШульца
645,Наталья,Беляева,Андреевна,1993-12-24,female,+7 967 717-64-42,occaecati_ipsum_occaecati
646,Юлия,Виноградова,Афанасьевна,1991-12-03,female,+7 939 453-89-23,JohnКудрявцев
647,Светлана,Семёнова,Анатольевна,1992-10-26,female,+7 901 182-63-53,нБыкова
648,Павел,Богданов,Станиславович,2004-07-05,male,+7 947 843-60-74,7Дмитриева
649,Никита,Карпов,Анатольевич,2004-07-15,male,+7 957 747-90-24,JuliaМиронова
650,Степан,Лебедев,Вячеславович,1995-02-13,male,+7 947 816-99-31,GaryОсипов
651,Олег,Дмитриев,Михайлович,1990-12-12,male,+7 997 768-22-72,ьМаксимова
652,Анатолий,Петров,Олегович,1991-11-08,male,+7 991 682-56-94,AlbertВолков
653,Анастасия,Гаврилова,Анатольевна,1998-07-20,female,+7 998 569-98-61,suscipit_et
654,Никита,Максимов,Данилович,2000-02-24,male,+7 959 330-87-05,perspiciatis
655,Борис,Леонтьев,Семенович,2002-03-02,male,+7 999 830-97-88,KeithНовиков
656,Анатолий,Романов,Владимирович,2001-09-08,male,+7 987 148-09-84,VictorПоляков
657,Кристина,Александрова,Анатольевна,1991-04-12,female,+7 925 127-47-21,voluptas
658,Владимир,Андреев,Андреевич,1991-04-03,male,+7 987 733-59-90,RobinЛеонтьева
659,Роман,Марков,Васильевич,1999-12-09,male,+7 979 285-67-47,5Борисов
660,Параскева,Мартынова,Альбертовна,1996-03-29,female,+7 982 567-92-87,BarbaraКиселёва
661,Григорий,Данилов,Романович,1999-04-07,male,+7 921 265-91-97,2Игнатьева
662,Олег,Никифоров,Романович,2000-03-03,male,+7 922 235-44-13,quam
663,Юрий,Александров,Ярославович,1997-12-24,male,+7 944 735-49-99,гНазаров
664,Петр,Матвеев,Романович,2001-03-17,male,+7 913 167-69-46,оБорисов
665,Светлана,Смирнова,Аскольдовна,2000-01-13,female,+7 905 293-99-31,4Никитин
666,Вера,Яковлева,Александровна,2004-03-04,female,+7 935 972-71-66,amet
667,Денис,Афанасьев,Николаевич,2000-05-27,male,+7 941 171-84-46,2Карпов
668,Михаил,Орлов,Богданович,1995-12-18,male,+7 973 534-32-78,JamesФедотов
669,Петр,Титов,Игоревич,2000-10-26,male,+7 986 301-23-80,nostrum_minus_dolor
670,Тамара,Попова,Андреевна,1993-04-04,female,+7 954 588-25-60,RichardНикифоров
671,Светлана,Беляева,Артемовна,1997-09-04,female,+7 924 996-97-75,KatherineАлексеева
672,Мария,Антонова,Александровна,1999-10-22,female,+7 938 927-90-21,эСемёнов
673,Любовь,Иванова,Альбертовна,1999-07-27,female,+7 980 156-68-41,sit_illum_maiores
674,Елена,Петрова,Аркадьевна,1990-08-13,female,+7 921 907-30-36,ArthurСмирнов
675,Надежда,Давыдова,Анатольевна,2003-07-05,female,+7 976 272-64-58,HenryПономарёв
676,Юрий,Прокофьев,Алексеевич,1999-08-30,male,+7 927 579-35-55,PatriciaПавлова
677,Светлана,Давыдова,Альбертовна,1999-09-12,female,+7 953 475-98-41,ArthurТимофеев
678,Екатерина,Фролова,Алексеевна,2003-03-31,female,+7 938 069-35-42,CynthiaКириллова
679,Иван,Быков,Андреевич,1996-05-12,male,+7 973 589-74-91,ьТитов
680,Светлана,Сорокина,Антоновна,2004-10-19,female,+7 903 285-39-48,laboriosam
681,Степан,Голубев,Егорович,1991-05-03,male,+7 901 989-91-42,ъМатвеев
682,Евгений,Белов,Ильич,1997-08-26,male,+7 973 156-45-18,natus_modi_cupiditate
683,Константин,Никитин,Дмитриевич,1995-11-14,male,+7 914 603-77-18,DeborahПолякова
684,Галина,Власова,Артемовна,1998-01-24,female,+7 962 365-62-85,9Жуков
685,Зоя,Гусева,Антоновна,1992-02-15,female,+7 919 180-93-49,nesciunt_perspiciatis
686,Вера,Чистякова,Андреевна,2003-01-07,female,+7 981 003-76-89,AnnКозлова
687,Игорь,Титов,Егорович,2004-05-19,male,+7 928 842-71-34,ducimus
688,Василий,Шмидт,Тимофеевич,1993-05-05,male,+7 947 574-80-33,BarbaraТрофимова
689,Оксана,Романова,Антоновна,1994-08-13,female,+7 951 880-20-96,EdwardИльин
690,Дарья,Титова,Андреевна,1997-09-27,female,+7 989 503-26-13,KimberlyПавлова
691,Ольга,Сорокина,Альбертовна,1993-09-22,female,+7 904 060-11-26,JeffreyКириллов
692,Александра,Леонтьева,Александровна,1998-02-17,female,+7 909 197-07-80,voluptatem_veniam
693,Илья,Волков,Иосифович,2000-12-29,male,+7 910 083-11-45,vero_quam
694,Агриппина,Федотова,Аркадьевна,2003-05-17,female,+7 986 857-13-67,voluptates_aut_quo
695,Анатолий,Комаров,Леонидович,1995-01-04,male,+7 925 421-53-09,eos_velit
696,Нина,Маркова,Андреевна,2004-04-17,female,+7 913 127-62-76,DennisИльин
697,Елизавета,Филиппова,Антоновна,1999-10-03,female,+7 962 986-82-67,7Чистяков
698,Галина,Соловьёва,Альбертовна,1990-04-30,female,+7 957 153-80-83,1Кондратьев
699,Василий,Игнатьев,Олегович,1998-09-08,male,+7 995 954-73-43,ёМорозов
700,Агриппина,Миллера,Алексеевна,2004-05-22,female,+7 957 376-90-48,JaniceКудрявцева
701,Ольга,Крылова,Антоновна,2003-02-01,female,+7 923 480-88-66,ClarenceВолков
702,Галина,Данилова,Анатольевна,1997-10-09,female,+7 935 749-90-47,ducimus_vitae_ab
703,Роман,Иванов,Ильич,2001-08-06,male,+7 988 389-73-12,ёДенисова
704,Виктория,Зайцева,Аркадьевна,1995-05-27,female,+7 954 923-76-34,JaniceНаумова
705,Виктория,Михайлова,Андреевна,2001-01-11,female,+7 990 300-47-95,ьПокровскийа
706,Дмитрий,Матвеев,Егорович,1997-11-02,male,+7 977 037-03-91,вДмитриева
707,Николай,Васильев,Платонович,1998-11-11,male,+7 978 793-64-26,laborum
708,Федор,Романов,Аркадьевич,1992-05-05,male,+7 934 794-39-68,illo_et_omnis
709,Параскева,Смирнова,Анатольевна,2000-02-20,female,+7 960 538-58-39,omnis_quia_non
710,Федор,Романов,Егорович,2002-12-28,male,+7 962 550-89-82,WayneСемёнов
711,Елена,Александрова,Аскольдовна,1998-11-05,female,+7 929 352-26-23,сЧистякова
712,Денис,Борисов,Феликсович,1993-07-08,male,+7 902 418-92-51,sit_non
713,Илья,Киселёв,Игоревич,1998-07-17,male,+7 939 158-62-53,оМиллер
714,Геннадий,Кириллов,Антонович,1993-09-09,male,+7 955 368-95-44,уДанилов
715,Раиса,Фёдорова,Аскольдовна,2004-05-29,female,+7 908 105-53-38,tempore_sit
716,Екатерина,Денисова,Антоновна,1992-06-28,female,+7 921 459-19-76,et_culpa_voluptate
717,Зоя,Чистякова,Александровна,1996-02-27,female,+7 917 836-84-71,0Сидорова
718,Наталья,Михайлова,Антоновна,1995-09-27,female,+7 962 379-64-72,ёФедотов
719,Николай,Яковлев,Иосифович,2000-05-13,male,+7 911 171-93-82,мМихайлов
720,Людмила,Голубева,Аскольдовна,2002-11-09,female,+7 988 082-13-19,RichardСоболев
721,Оксана,Кузьмина,Александровна,2004-04-25,female,+7 976 642-59-62,ьНовикова
722,Ирина,Миронова,Аскольдовна,1994-06-01,female,+7 985 700-67-32,DebraПолякова
723,Евдокия,Козлова,Антоновна,2001-03-31,female,+7 935 447-76-04,voluptatem_fuga_natus
724,Георгий,Афанасьев,Аркадьевич,1995-06-09,male,+7 929 455-84-61,dicta_ad_voluptatibus
725,Марина,Игнатьева,Антоновна,1997-10-18,female,+7 974 267-33-91,CatherineСоловьёва
726,Ирина,Киселёва,Архиповна,2000-02-03,female,+7 953 906-87-85,еЕфимова
727,Любовь,Полякова,Антоновна,2000-01-20,female,+7 947 655-74-79,iste_itaque
728,Лариса,Попова,Аскольдовна,1990-07-13,female,+7 990 648-26-58,WalterАбрамов
729,Юрий,Фёдоров,Михайлович,2002-05-06,male,+7 902 336-70-30,JessicaСорокина
730,Евдокия,Наумова,Аркадьевна,1998-03-20,female,+7 987 581-37-85,BonnieСавельева
731,Федор,Шульц,Вячеславович,1999-08-27,male,+7 944 782-14-67,KennethСоболев
732,Мария,Соловьёва,Анатольевна,1990-01-30,female,+7 968 287-29-58,EugeneШульц
733,Николай,Попов,Михайлович,2003-06-28,male,+7 971 422-32-38,ElizabethАфанасьева
734,Владимир,Тимофеев,Тарасович,1993-07-03,male,+7 942 972-19-61,кКондратьева
735,Вера,Фомина,Архиповна,2003-11-10,female,+7 975 622-70-51,рЗахарова
736,Анатолий,Сорокин,Витальевич,2004-08-26,male,+7 912 517-83-35,юЕфимов
737,Игорь,Поляков,Павлович,1997-09-04,male,+7 977 120-12-93,цМаксимова
738,Григорий,Смирнов,Эдуардович,2002-08-12,male,+7 952 692-56-43,asperiores
739,Анна,Николаева,Алексеевна,1999-06-06,female,+7 949 834-47-92,totam
740,Борис,Зайцев,Олегович,2000-03-23,male,+7 973 112-84-28,a
741,Петр,Максимов,Георгиевич,1991-08-01,male,+7 936 349-55-19,aspernatur_omnis_reiciendis
742,Зоя,Макарова,Архиповна,1998-08-30,female,+7 904 996-14-06,зСавельева
743,Клавдия,Федотова,Андреевна,1991-10-25,female,+7 985 824-84-59,яИгнатьев
744,Юлия,Соколова,Артемовна,1997-06-16,female,+7 994 833-26-46,aut_sint_aspernatur
745,Александр,Белов,Антонович,1995-08-02,male,+7 934 801-89-78,кДавыдова
746,Сергей,Михайлов,Денисович,1999-06-11,male,+7 911 451-60-87,2Ефимова
747,Павел,Покровский,Сергеевич,1992-01-15,male,+7 983 674-37-78,dolorum_sequi
748,Илья,Власов,Леонидович,1993-05-28,male,+7 926 163-57-45,consectetur
749,Раиса,Шмидт,Архиповна,1995-12-03,female,+7 944 640-14-33,KathleenЕгорова
750,Борис,Трофимов,Аркадьевич,1998-12-23,male,+7 946 663-58-68,LawrenceПономарёв
751,Светлана,Смирнова,Альбертовна,2000-11-30,female,+7 924 882-23-13,9Сергеев
752,Иван,Марков,Станиславович,1990-05-05,male,+7 900 462-05-76,JoshuaЧистяков
753,Галина,Смирнова,Артемовна,2000-08-07,female,+7 913 448-38-85,non_omnis
754,Надежда,Смирнова,Александровна,2001-07-04,female,+7 946 952-01-71,MichaelЛебедев
755,Галина,Фёдорова,Антоновна,1994-09-06,female,+7 964 009-15-68,ut_eligendi_modi
756,Наталья,Филиппова,Алексеевна,1996-04-08,female,+7 941 942-87-06,JudithНикитина
757,Павел,Быков,Игоревич,1999-05-31,male,+7 912 543-94-39,vero_maiores
758,Василий,Попов,Матвеевич,1993-09-13,male,+7 936 447-75-99,PatriciaТимофеева
759,Агриппина,Филиппова,Аркадьевна,1996-06-27,female,+7 912 426-00-65,VictorТроицкий
760,Людмила,Троицкая,Аркадьевна,1994-07-16,female,+7 975 824-51-58,error_magnam
761,Георгий,Мартынов,Анатольевич,1994-02-13,male,+7 947 071-73-31,JoeВиноградов
762,Денис,Соболев,Львович,1997-10-13,male,+7 984 126-44-10,чСергеев
763,Кристина,Гусева,Альбертовна,2003-02-23,female,+7 939 129-65-51,зЯковлева
764,Вера,Шмидт,Аскольдовна,1993-07-31,female,+7 936 443-58-52,юФедотова
765,Параскева,Петрова,Афанасьевна,2001-07-14,female,+7 907 786-21-58,цСорокин
766,Петр,Власов,Аркадьевич,2001-04-21,male,+7 949 259-85-46,nobis_consequatur
767,Петр,Марков,Иванович,2000-11-05,male,+7 970 256-80-63,PamelaПолякова
768,Ирина,Борисова,Альбертовна,2002-08-17,female,+7 989 286-95-43,EugeneФомин
769,Иван,Мартынов,Васильевич,1995-11-01,male,+7 901 472-91-15,omnis_aliquam_et
770,Ирина,Макарова,Афанасьевна,1990-02-04,female,+7 970 415-32-20,repellat_velit_odio
771,Раиса,Иванова,Альбертовна,1990-07-20,female,+7 957 429-65-58,dolorum_quis_modi
772,Елена,Шульца,Анатольевна,2001-12-12,female,+7 979 053-56-14,JudithКарпова
773,Зоя,Фролова,Александровна,2000-09-24,female,+7 989 708-86-34,бСавельева
774,Алексей,Андреев,Николаевич,1992-05-20,male,+7 966 976-84-56,эЛеонтьева
775,Параскева,Титова,Анатольевна,1991-11-27,female,+7 903 364-06-08,чТроицкий
776,Дарья,Орлова,Артемовна,2000-03-10,female,+7 964 264-25-95,PhyllisСтепанова
777,Георгий,Жуков,Алексеевич,2002-05-21,male,+7 926 710-11-14,accusamus_qui_omnis
778,Татьяна,Власова,Аркадьевна,1995-09-04,female,+7 934 449-32-21,cupiditate_occaecati_voluptatem
779,Кристина,Кузнецова,Алексеевна,1993-03-11,female,+7 937 136-66-11,RichardТихомиров
780,Виктор,Миронов,Валентинович,1995-03-22,male,+7 909 316-98-66,бКузнецова
781,Павел,Павлов,Андреевич,1991-10-02,male,+7 913 764-82-12,дСтепанов
782,Ольга,Афанасьева,Анатольевна,1990-01-20,female,+7 992 032-85-75,ScottКудрявцев
783,Лариса,Григорьева,Аскольдовна,1998-03-11,female,+7 905 025-50-57,non_eos_voluptas
784,Валерий,Сорокин,Сергеевич,1992-07-12,male,+7 974 539-91-06,ErnestНикифоров
785,Федор,Ушаков,Антонович,1991-06-18,male,+7 904 272-39-52,MichaelБелов
786,Людмила,Щербакова,Архиповна,1993-11-05,female,+7 985 129-41-14,MildredБорисова
787,Валерий,Крылов,Платонович,2003-10-24,male,+7 986 516-34-82,аВолков
788,Ольга,Павлова,Афанасьевна,1997-01-15,female,+7 957 723-97-37,эСоболев
789,Наталья,Маркова,Альбертовна,1991-01-24,female,+7 997 732-78-91,DennisИванов
790,Елизавета,Виноградова,Анатольевна,1991-02-25,female,+7 998 789-51-89,WilliamЛеонтьев
791,Анатолий,Беляев,Михайлович,2004-05-31,male,+7 984 244-32-08,beatae_quasi
792,Валерий,Воронин,Матвеевич,2001-10-04,male,+7 911 116-59-06,оШмидт
793,Владимир,Миронов,Витальевич,1992-08-05,male,+7 906 648-47-80,AmyФёдорова
794,Иван,Троицкий,Викторович,1991-08-10,male,+7 943 075-81-86,кМиллера
795,Георгий,Данилов,Юрьевич,2004-08-02,male,+7 966 401-57-28,a_tempore
796,Александра,Лебедева,Архиповна,2004-07-26,female,+7 986 349-75-52,ClarenceКузнецов
797,Иван,Кудрявцев,Ильич,1991-09-23,male,+7 993 500-14-05,nihil
798,Роман,Крылов,Ярославович,2003-01-06,male,+7 951 588-32-06,BeverlyИгнатьева
799,Лидия,Ушакова,Анатольевна,1998-07-09,female,+7 947 451-61-80,шМорозова
800,Федор,Афанасьев,Матвеевич,2003-06-25,male,+7 948 237-18-75,4Егорова
801,Галина,Маркова,Артемовна,1993-05-01,female,+7 939 371-93-15,occaecati
802,Максим,Денисов,Леонидович,1995-08-13,male,+7 946 542-13-31,ыДавыдова
803,Лариса,Новикова,Артемовна,1991-05-07,female,+7 959 761-49-86,тБорисов
804,Сергей,Матвеев,Борисович,1991-08-08,male,+7 998 804-70-99,лСтепанов
805,Игорь,Щербаков,Артемович,2003-04-25,male,+7 940 109-72-52,яСорокина
806,Виктория,Миллера,Артемовна,1996-03-23,female,+7 978 472-92-91,лКузнецова
807,Лидия,Егорова,Александровна,2001-11-08,female,+7 981 762-20-65,quia_corporis
808,Вера,Кузнецова,Артемовна,1990-05-29,female,+7 973 342-42-34,ut
809,Юлия,Максимова,Анатольевна,1990-12-19,female,+7 908 640-04-20,2Быков
810,Елена,Дмитриева,Аркадьевна,1992-01-31,female,+7 931 805-76-46,excepturi_quae
811,Александра,Титова,Аскольдовна,2004-06-27,female,+7 926 530-71-13,AngelaМиронова
812,Никита,Баранов,Петрович,1999-08-19,male,+7 917 205-46-72,JuanНаумов
813,Василий,Козлов,Геннадиевич,1993-05-03,male,+7 907 316-83-02,voluptates_voluptate_id
814,Анатолий,Пономарёв,Николаевич,1997-10-26,male,+7 921 191-02-17,JacquelineУшакова
815,Нина,Беляева,Архиповна,1996-12-03,female,+7 948 133-35-62,яПопов
816,Степан,Филиппов,Филиппович,1990-02-12,male,+7 926 791-22-71,9Ефимов
817,Татьяна,Киселёва,Аркадьевна,1997-02-27,female,+7 913 484-94-77,et_quo_unde
818,Александра,Соболева,Александровна,1997-07-06,female,+7 998 928-38-89,ut_fugiat
819,Борис,Карпов,Константинович,1994-03-13,male,+7 963 104-20-13,ScottИльин
820,Антонина,Смирнова,Антоновна,2003-01-21,female,+7 938 700-74-55,пЗайцева
821,Евдокия,Игнатьева,Анатольевна,1994-02-27,female,+7 904 013-67-79,BruceДанилов
822,Дарья,Шмидт,Артемовна,1997-12-01,female,+7 943 132-69-50,HelenАндреева
823,Валерий,Карпов,Петрович,2000-03-21,male,+7 923 266-80-06,CynthiaСмирнова
824,Игорь,Лебедев,Андреевич,2001-03-04,male,+7 974 590-68-26,AmandaМиллера
825,Евгений,Ушаков,Николаевич,2004-12-04,male,+7 914 420-12-06,2Константинова
826,Юрий,Титов,Вячеславович,2001-05-20,male,+7 923 063-16-23,4Леонтьева
827,Виталий,Максимов,Данилович,1990-04-12,male,+7 947 489-49-47,5Чистякова
828,Нина,Фомина,Алексеевна,1995-10-22,female,+7 950 581-59-61,ea_ut
829,Денис,Львов,Артемович,2000-02-11,male,+7 937 523-72-61,est_atque_qui
830,Николай,Кондратьев,Леонидович,1992-08-11,male,+7 984 401-26-37,7Соболев
831,Виталий,Федотов,Георгиевич,1993-07-09,male,+7 915 014-42-60,щСорокин
832,Галина,Баранова,Альбертовна,2000-07-13,female,+7 987 267-81-66,quibusdam_numquam
833,Елизавета,Максимова,Аскольдовна,1994-01-18,female,+7 989 577-65-92,зЕгорова
834,Алексей,Воробьёв,Валерьевич,1992-01-28,male,+7 925 778-70-45,ea_iusto
835,Сергей,Баранов,Станиславович,1993-08-26,male,+7 950 010-93-88,id_vitae_et
836,Екатерина,Ушакова,Антоновна,2004-08-31,female,+7 920 664-66-96,щНикифорова
837,Елена,Киселёва,Аркадьевна,1991-03-02,female,+7 901 347-83-17,хЛеонтьева
838,Валерий,Тихомиров,Феликсович,1999-07-03,male,+7 905 670-64-45,8Григорьева
839,Клавдия,Гаврилова,Александровна,1999-03-13,female,+7 928 263-28-04,вМартынова
840,Валентина,Антонова,Альбертовна,1996-08-16,female,+7 996 866-48-74,SteveБеляев
841,Екатерина,Зайцева,Аскольдовна,2004-05-07,female,+7 988 831-98-03,PhilipВиноградов
842,Надежда,Тимофеева,Альбертовна,1993-11-10,female,+7 926 521-06-51,tempore
843,Григорий,Петров,Иосифович,2003-12-17,male,+7 978 206-82-97,9Афанасьев
844,Петр,Романов,Феликсович,2000-03-10,male,+7 912 281-51-55,чВиноградова
845,Геннадий,Назаров,Филиппович,2002-12-10,male,+7 917 521-15-80,beatae_ab_non
846,Александр,Михайлов,Кириллович,1990-09-10,male,+7 926 970-18-47,EmilyТроицкая
847,Владимир,Белов,Артемович,1998-06-29,male,+7 983 328-37-40,JacquelineСемёнова
848,Виктор,Чистяков,Павлович,1996-07-14,male,+7 990 128-33-08,WilliamГригорьев
849,Виктор,Дмитриев,Станиславович,2001-09-07,male,+7 940 407-79-82,йМорозов
850,Александр,Савельев,Александрович,1993-04-03,male,+7 901 925-53-99,нМиллера
851,Григорий,Захаров,Борисович,1994-01-19,male,+7 991 077-04-61,AndreaИванова
852,Виктор,Игнатьев,Филиппович,1996-05-23,male,+7 957 766-79-64,dolor_quas
853,Дмитрий,Николаев,Борисович,2000-05-10,male,+7 948 655-39-71,JudyВоробьёва
854,Георгий,Фомин,Богданович,1992-02-01,male,+7 945 464-77-66,аКириллов
855,Татьяна,Кузнецова,Аркадьевна,1993-02-15,female,+7 936 228-20-47,recusandae_minus_non
856,Федор,Прокофьев,Павлович,1991-04-07,male,+7 957 009-62-98,9Киселёва
857,Дарья,Кондратьева,Анатольевна,2002-12-06,female,+7 929 400-68-78,NancyНикифорова
858,Юрий,Карпов,Денисович,2004-07-22,male,+7 918 836-59-58,6Мартынов
859,Геннадий,Фомин,Владиславович,1998-04-24,male,+7 950 788-67-24,SaraЗайцева
860,Евдокия,Воронина,Альбертовна,1997-03-15,female,+7 948 490-33-62,totam_ab_officia
861,Сергей,Никитин,Денисович,1993-10-24,male,+7 954 517-77-99,лТитов
862,Тамара,Титова,Александровна,1998-08-27,female,+7 951 022-37-09,DennisБорисов
863,Евдокия,Степанова,Архиповна,1992-12-27,female,+7 958 857-99-50,MartinМиронов
864,Ольга,Титова,Архиповна,1994-05-11,female,+7 961 278-14-40,MelissaКузьмина
865,Вера,Соловьёва,Артемовна,1992-02-06,female,+7 981 164-46-29,ClarenceПавлов
866,Александр,Гаврилов,Антонович,2001-03-02,male,+7 962 226-74-19,LauraБеляева
867,Виктор,Прокофьев,Федорович,1990-12-25,male,+7 918 736-68-75,StevenАфанасьев
868,Юлия,Сидорова,Артемовна,1993-12-18,female,+7 983 869-81-48,quia_recusandae
869,Анатолий,Соболев,Максимович,1990-07-14,male,+7 930 342-81-82,PeterМакаров
870,Борис,Захаров,Степанович,1998-09-16,male,+7 979 804-80-50,ьЖуков
871,Оксана,Воробьёва,Аскольдовна,1990-11-20,female,+7 968 382-64-05,ThomasБыков
872,Лидия,Степанова,Алексеевна,1991-01-27,female,+7 956 769-71-61,8Андреев
873,Юрий,Герасимов,Владиславович,1997-03-10,male,+7 964 127-95-26,accusamus
874,Анастасия,Белова,Афанасьевна,1994-06-21,female,+7 901 859-42-06,WilliamГусев
875,Константин,Смирнов,Филиппович,2002-04-24,male,+7 917 808-00-72,WalterФомин
876,Валерий,Соловьёв,Максимович,1994-06-19,male,+7 936 743-20-03,юГусева
877,Оксана,Зайцева,Артемовна,1998-01-31,female,+7 902 504-21-58,harum
878,Александра,Тихомирова,Алексеевна,1999-08-20,female,+7 932 907-52-17,AmyТимофеева
879,Сергей,Наумов,Филиппович,1994-05-04,male,+7 937 085-31-71,sit_quos_et
880,Екатерина,Трофимова,Афанасьевна,2003-06-30,female,+7 909 431-63-56,0Павлов
881,Андрей,Марков,Николаевич,1992-09-20,male,+7 983 480-60-60,DonaldКондратьев
882,Федор,Комаров,Денисович,2003-08-07,male,+7 936 321-83-47,юСидоров
883,Раиса,Гусева,Александровна,2000-11-14,female,+7 927 272-80-35,quos_sequi
884,Алексей,Абрамов,Игоревич,1993-07-06,male,+7 957 515-25-99,DeniseБогданова
885,Григорий,Давыдов,Тарасович,2002-07-13,male,+7 983 305-60-27,ShawnПокровский
886,Валентина,Афанасьева,Архиповна,2003-03-17,female,+7 998 751-63-87,ChristineПетрова
887,Олег,Григорьев,Юрьевич,1994-06-10,male,+7 966 662-29-23,animi_error
888,Оксана,Власова,Артемовна,2000-04-23,female,+7 950 803-92-94,GaryСавельев
889,Александра,Тимофеева,Антоновна,1992-11-23,female,+7 957 441-96-93,JoyceБаранова
890,Илья,Захаров,Валентинович,1990-11-03,male,+7 964 872-99-75,PhyllisАнтонова
891,Евгений,Титов,Григорьевич,2004-06-10,male,+7 965 243-02-53,2Павлова
892,Любовь,Сидорова,Алексеевна,2003-02-03,female,+7 948 414-72-50,ChristinaФомина
893,Федор,Шмидт,Львович,1990-11-19,male,+7 935 451-84-61,ScottНазаров
894,Пелагия,Титова,Альбертовна,1995-11-04,female,+7 911 020-02-80,vitae_laboriosam_quos
895,Иван,Андреев,Федорович,1994-01-15,male,+7 994 763-17-36,DeniseФёдорова
896,Галина,Быкова,Аркадьевна,1991-04-08,female,+7 913 675-91-09,иФролов
897,Галина,Савельева,Альбертовна,1997-01-22,female,+7 985 320-69-20,лКузьмин
898,Сергей,Воронин,Иосифович,2001-12-02,male,+7 923 793-99-93,8Иванов
899,Тамара,Наумова,Артемовна,2004-12-04,female,+7 944 903-55-41,рЖукова
900,Виктор,Гусев,Матвеевич,2002-08-17,male,+7 976 456-14-52,JessicaИльина
901,Ольга,Баранова,Архиповна,1995-05-18,female,+7 957 447-63-54,3Троицкий
902,Антонина,Пономарёва,Александровна,1991-02-28,female,+7 987 715-01-24,KevinГолубев
903,Елена,Гаврилова,Александровна,1995-06-01,female,+7 944 638-72-10,CharlesКондратьев
904,Валентина,Осипова,Андреевна,2000-11-04,female,+7 947 172-50-00,фЩербаков
905,Юлия,Тихомирова,Алексеевна,2000-12-28,female,+7 997 813-86-52,BenjaminСемёнов
906,Анна,Тихомирова,Антоновна,2003-02-25,female,+7 944 686-49-88,ъСемёнов
907,Агриппина,Ушакова,Афанасьевна,2000-01-01,female,+7 966 436-59-95,BeverlyНикитина
908,Виталий,Иванов,Максимович,1995-09-13,male,+7 940 276-47-56,PhillipНикифоров
909,Максим,Гусев,Станиславович,2000-04-03,male,+7 931 793-31-56,LoriАнтонова
910,Петр,Константинов,Артемович,1993-01-27,male,+7 948 131-98-95,пЗахарова
911,Лариса,Соловьёва,Алексеевна,1994-07-14,female,+7 951 378-79-38,NancyЛеонтьева
912,Лариса,Кириллова,Александровна,1998-12-15,female,+7 900 203-27-45,odio_dicta
913,Павел,Александров,Анатольевич,1998-10-04,male,+7 969 216-42-27,vel_voluptate
914,Дмитрий,Кузьмин,Артемович,1997-12-23,male,+7 929 415-27-25,quibusdam_dolore
915,Петр,Григорьев,Борисович,1991-09-11,male,+7 998 994-61-36,voluptatem
916,Борис,Филиппов,Александрович,2003-12-28,male,+7 949 386-61-61,JessicaКиселёва
917,Павел,Фомин,Андреевич,1991-11-01,male,+7 923 193-31-29,фРоманов
918,Ольга,Александрова,Алексеевна,1995-11-29,female,+7 954 406-49-52,нСергеева
919,Марина,Фомина,Артемовна,1997-08-07,female,+7 908 825-89-51,LoisКарпова
920,Максим,Марков,Данилович,1999-01-12,male,+7 962 742-04-38,лТихомиров
921,Галина,Сидорова,Алексеевна,1991-10-25,female,+7 963 929-62-96,RichardВасильев
922,Клавдия,Петрова,Афанасьевна,1996-04-01,female,+7 941 851-10-62,HowardЛеонтьев
923,Нина,Морозова,Архиповна,2000-01-03,female,+7 915 614-36-27,JosephАндреев
924,Анна,Степанова,Анатольевна,1995-10-09,female,+7 904 166-19-25,JasonМиронов
925,Агриппина,Гусева,Алексеевна,1991-10-29,female,+7 967 742-18-09,WayneЕгоров
926,Виктор,Тимофеев,Данилович,2000-05-09,male,+7 910 013-34-68,нШмидт
927,Марина,Быкова,Андреевна,1999-11-12,female,+7 952 259-57-27,BarbaraКудрявцева
928,Светлана,Шульца,Аскольдовна,1992-04-18,female,+7 960 488-66-48,DeborahФролова
929,Андрей,Афанасьев,Михайлович,1999-03-22,male,+7 967 390-00-92,BobbyНовиков
930,Юлия,Максимова,Антоновна,1990-08-03,female,+7 979 050-88-28,TimothyТихомиров
931,Никита,Кириллов,Николаевич,1992-12-09,male,+7 936 676-60-76,TammyЛьвова
932,Анна,Никитина,Андреевна,1998-11-26,female,+7 987 196-20-08,6Федотов
933,Геннадий,Киселёв,Константинович,1999-11-23,male,+7 901 189-05-40,9Кириллов
934,Петр,Савельев,Иванович,2001-12-16,male,+7 991 663-97-93,MarilynТрофимова
935,Александр,Гаврилов,Андреевич,1990-04-13,male,+7 920 326-79-88,quibusdam_nobis
936,Юлия,Семёнова,Альбертовна,1994-09-03,female,+7 982 291-07-25,non
937,Евдокия,Никифорова,Андреевна,1990-01-10,female,+7 911 994-33-17,accusantium
938,Игорь,Комаров,Викторович,2004-08-17,male,+7 939 317-53-76,LouisГаврилов
939,Агриппина,Волкова,Аркадьевна,1999-07-27,female,+7 950 784-29-64,щТитов
940,Агриппина,Баранова,Аркадьевна,1999-02-10,female,+7 938 325-96-00,praesentium_tempore
941,Агриппина,Егорова,Афанасьевна,1992-04-20,female,+7 904 137-19-33,цПавлова
942,Раиса,Лебедева,Аркадьевна,1995-10-09,female,+7 900 448-88-13,magni_odio
943,Елена,Сорокина,Анатольевна,2001-10-14,female,+7 980 152-95-82,GregoryВоронин
944,Никита,Тихомиров,Денисович,1993-09-16,male,+7 927 629-36-97,аШульц
945,Петр,Матвеев,Григорьевич,1995-12-11,male,+7 998 539-18-51,ёСавельева
946,Георгий,Киселёв,Алексеевич,1994-09-30,male,+7 940 638-62-28,vel_rem_non
947,Геннадий,Кириллов,Антонович,1991-02-01,male,+7 949 464-11-28,JackБаранов
948,Галина,Абрамова,Анатольевна,1996-03-28,female,+7 934 711-93-21,уКарпова
949,Екатерина,Полякова,Аскольдовна,2002-12-25,female,+7 985 268-63-78,LarryНовиков
950,Федор,Беляев,Олегович,2004-07-07,male,+7 928 784-15-02,жФедотова
951,Кристина,Кириллова,Андреевна,2002-08-28,female,+7 957 416-04-99,DonaldИгнатьев
952,Андрей,Петров,Валерьевич,1994-09-22,male,+7 920 235-51-07,ъТитова
953,Владимир,Петров,Евгеньевич,1993-08-05,male,+7 926 524-56-18,molestias
954,Параскева,Николаева,Алексеевна,2004-06-25,female,+7 934 290-83-33,excepturi_voluptas
955,Федор,Попов,Дмитриевич,1990-02-23,male,+7 987 798-01-09,6Воробьёва
956,Алексей,Шульц,Вячеславович,1990-10-16,male,+7 931 075-35-48,dolores_omnis
957,Агриппина,Игнатьева,Антоновна,2003-01-15,female,+7 977 038-95-37,distinctio
958,Григорий,Кондратьев,Ярославович,2004-02-18,male,+7 997 487-17-92,LisaБорисова
959,Виталий,Савельев,Тарасович,1999-08-01,male,+7 923 220-63-82,ut_dolor_qui
960,Дарья,Покровскийа,Александровна,1992-10-07,female,+7 946 161-29-22,assumenda_officia
961,Геннадий,Егоров,Станиславович,1998-02-14,male,+7 932 401-41-44,ipsa
962,Михаил,Троицкий,Яковлевич,2004-09-22,male,+7 990 490-94-22,вАфанасьев
963,Сергей,Соболев,Петрович,1997-08-07,male,+7 989 301-94-87,quis_fuga_eius
964,Дарья,Фёдорова,Аскольдовна,1993-07-14,female,+7 956 528-18-60,MarthaНазарова
965,Михаил,Чистяков,Кириллович,1999-02-17,male,+7 912 988-85-38,dolorum_accusantium
966,Роман,Михайлов,Анатольевич,2004-11-06,male,+7 912 643-29-97,яКириллов
967,Виктор,Семёнов,Леонидович,1995-12-30,male,+7 931 485-85-94,ьКириллов
968,Максим,Виноградов,Викторович,2002-05-02,male,+7 938 843-59-52,magni_quibusdam_expedita
969,Агриппина,Максимова,Андреевна,2003-12-20,female,+7 934 825-34-87,MichelleМорозова
970,Борис,Андреев,Матвеевич,2000-03-01,male,+7 992 420-86-00,2Попов
971,Наталья,Назарова,Афанасьевна,1998-04-30,female,+7 959 086-65-65,9Петрова
972,Агриппина,Прокофьева,Архиповна,2004-03-22,female,+7 915 080-29-39,ьПопов
973,Валерий,Кудрявцев,Матвеевич,1995-03-19,male,+7 974 128-65-24,JanetФёдорова
974,Клавдия,Леонтьева,Андреевна,2001-10-23,female,+7 967 559-60-30,ClarenceКириллов
975,Елена,Борисова,Аскольдовна,2002-12-17,female,+7 925 392-67-51,8Мартынова
976,Георгий,Тихомиров,Эдуардович,1993-07-08,male,+7 944 475-25-95,libero_sit_inventore
977,Юрий,Беляев,Владиславович,1999-12-31,male,+7 977 807-10-62,dolores_repellat_et
978,Тамара,Федотова,Альбертовна,2001-07-17,female,+7 952 803-63-28,labore_vel_eligendi
979,Олег,Сидоров,Ярославович,1991-01-29,male,+7 906 454-38-99,нТрофимов
980,Игорь,Крылов,Григорьевич,1999-09-26,male,+7 974 588-30-67,бВласова
981,Анастасия,Мартынова,Аскольдовна,1990-03-30,female,+7 942 575-62-68,DavidАндреев
982,Павел,Виноградов,Ильич,1992-06-20,male,+7 981 482-58-18,CherylРоманова
983,Иван,Гаврилов,Егорович,1995-04-20,male,+7 991 827-89-96,JoshuaБорисов
984,Юрий,Яковлев,Федорович,2000-11-03,male,+7 976 952-19-71,nisi_magni
985,Александр,Антонов,Александрович,1994-11-11,male,+7 924 112-03-16,JeremyКудрявцев
986,Дмитрий,Кириллов,Филиппович,2001-12-23,male,+7 971 237-70-99,est_omnis
987,Юрий,Львов,Сергеевич,1990-05-18,male,+7 973 956-68-74,facere_inventore
988,Юлия,Кондратьева,Александровна,2004-12-25,female,+7 975 903-35-58,ёГерасимов
989,Дарья,Морозова,Андреевна,1996-12-31,female,+7 976 389-96-25,DavidТрофимов
990,Екатерина,Осипова,Антоновна,2002-09-30,female,+7 996 129-03-54,RandyЕгоров
991,Валентина,Тимофеева,Аскольдовна,1994-09-28,female,+7 927 598-85-19,JuliaБогданова
992,Дмитрий,Тихомиров,Аркадьевич,1993-07-12,male,+7 968 902-72-12,бКузьмина
993,Алексей,Щербаков,Платонович,2000-04-11,male,+7 959 639-62-34,уПавлов
994,Павел,Макаров,Тарасович,1997-07-14,male,+7 974 438-76-89,dolor_quam_nemo
995,Кристина,Фёдорова,Андреевна,2000-05-01,female,+7 917 281-86-35,7Семёнов
996,Елена,Яковлева,Андреевна,2002-08-12,female,+7 950 424-77-30,eveniet_et_quam
997,Пелагия,Миллера,Анатольевна,1991-11-10,female,+7 983 892-58-17,р
998,Владимир,Новиков,Вячеславович,1999-07-01,male,+7 969 972-85-26,SaraМакарова
999,Антонина,Захарова,Анатольевна,1995-12-20,female,+7 998 375-80-70,occaecati_aspernatur_corrupti
1000,Лидия,Мартынова,Аскольдовна,2004-02-11,female,+7 978 267-77-69,voluptatum
