id,address,open_time,close_time,establishment_date,parking_spot_num,is_round_the_clock
1,"Липецк, Кирова Road 80",09:00:00,20:00:00,2017-06-21,19,false
2,"Ульяновск, Пролетарская Pass 77",00:00:00,00:00:00,2020-06-14,3,true
3,"Елабуга, Советская Junction 82",00:00:00,00:00:00,2018-04-26,10,true
4,"Бежецк, Колхозная Court 90",00:00:00,00:00:00,2019-02-10,7,true
5,"Луховицы, Пушкина Pass 84",00:00:00,00:00:00,2017-01-11,7,true
6,"Арзамас, Лесная Center 57",00:00:00,00:00:00,2017-11-23,1,true
7,"Белгород, Пушкина Lane 64",00:00:00,00:00:00,2017-07-27,1,true
8,"Иваново, Ленина Avenue 33",00:00:00,00:00:00,2018-12-29,13,true
9,"Казань, Солнечная Center 37",08:00:00,22:00:00,2019-05-30,17,false
10,"Можайск, Степная Trail 85",00:00:00,00:00:00,2018-12-21,13,true
11,"Петрозаводск, Комсомольская Road 28",00:00:00,00:00:00,2020-01-30,13,true
12,"Муром, Молодежная Alley 55",11:00:00,19:00:00,2019-06-29,5,false
13,"Челябинск, Пушкина Place 56",09:00:00,22:00:00,2019-06-14,19,false
14,"Ялта, Южная Terrace 2",00:00:00,00:00:00,2020-10-22,1,true
15,"Светлогорск, Школьная Way 68",00:00:00,00:00:00,2018-10-03,8,true
16,"Калининград, Зеленая Point 6",00:00:00,00:00:00,2020-06-27,1,true
17,"Ялта, Береговая Point 34",00:00:00,00:00:00,2019-10-20,20,true
18,"Соликамск, Зеленая Avenue 23",10:00:00,22:00:00,2018-09-21,1,false
19,"Саранск, Комсомольская Circle 18",09:00:00,22:00:00,2017-11-02,9,false
20,"Тольятти, Молодежная Plaza 40",10:00:00,22:00:00,2018-04-04,13,false
21,"Саранск, Юбилейная Pass 86",11:00:00,20:00:00,2018-12-30,18,false
22,"Городец, Дачная Parkway 95",12:00:00,21:00:00,2017-01-28,17,false
23,"Иваново, Комсомольская Court 91",07:00:00,22:00:00,2020-02-14,12,false
24,"Малоярославец, Колхозная Parkway 91",00:00:00,00:00:00,2018-04-23,10,true
25,"Таганрог, Молодежная Circle 14",00:00:00,00:00:00,2018-10-13,10,true
26,"Кронштадт, Комсомольская Terrace 41",00:00:00,00:00:00,2019-10-03,1,true
27,"Анапа, Южная Circle 97",00:00:00,00:00:00,2018-05-21,19,true
28,"Коломна, Победы Way 91",00:00:00,00:00:00,2018-05-16,20,true
29,"Севастополь, Речная Avenue 17",10:00:00,20:00:00,2019-10-17,12,false
30,"Сарапул, Рабочая Crossing 22",10:00:00,22:00:00,2019-01-04,17,false
31,"Егорьевск, Калинина Park 82",00:00:00,00:00:00,2018-06-22,1,true
32,"Липецк, Лесная Lane 70",00:00:00,00:00:00,2020-06-07,18,true
33,"Выборг, Гагарина Drive 89",09:00:00,20:00:00,2020-09-24,8,false
34,"Павлово на Оке, Молодежная Drive 97",00:00:00,00:00:00,2018-09-22,1,true
35,"Владивосток, Победы Street 35",09:00:00,21:00:00,2019-03-22,6,false
36,"Егорьевск, Советская Pass 1",11:00:00,21:00:00,2019-09-19,17,false
37,"Кинешма, Победы Terrace 98",00:00:00,00:00:00,2020-09-16,5,true
38,"Можайск, Нагорная Street 38",09:00:00,21:00:00,2020-09-10,16,false
39,"Елец, Кирова Crossing 93",12:00:00,22:00:00,2018-01-16,14,false
40,"Калининград, Первомайская Street 40",00:00:00,00:00:00,2017-12-14,19,true
41,"Ярославль, Новая Way 30",11:00:00,20:00:00,2018-04-17,19,false
42,"Йошкар-Ола, Зеленая Terrace 98",00:00:00,00:00:00,2018-04-21,3,true
43,"Осташков, Ленина Junction 32",11:00:00,21:00:00,2019-08-09,2,false
44,"Соликамск, Победы Crossing 95",00:00:00,00:00:00,2019-11-17,3,true
45,"Великий Устюг, Пушкина Street 3",00:00:00,00:00:00,2019-07-05,19,true
46,"Астрахань, Ленина Hill 68",00:00:00,00:00:00,2017-06-28,5,true
47,"Плес, Нагорная Parkway 73",11:00:00,20:00:00,2017-08-14,16,false
48,"Кимры, Луговая Drive 35",00:00:00,00:00:00,2019-05-16,4,true
49,"Воронеж, Чапаева Trail 40",08:00:00,22:00:00,2018-05-20,1,false
50,"Пушкин, Калинина Road 73",10:00:00,22:00:00,2019-08-07,6,false
51,"Тутаев, Советская Crossing 39",00:00:00,00:00:00,2018-01-26,17,true
52,"Подольск, Школьная Court 72",09:00:00,20:00:00,2017-09-29,13,false
53,"Элиста, Калинина Parkway 29",10:00:00,22:00:00,2018-11-28,14,false
54,"Звенигород, Южная Trail 83",00:00:00,00:00:00,2018-10-18,0,true
55,"Анапа, Школьная Way 90",00:00:00,00:00:00,2020-08-12,20,true
56,"Анапа, Береговая Road 45",08:00:00,21:00:00,2018-08-14,20,false
57,"Изборск, Новая Drive 27",00:00:00,00:00:00,2018-07-02,15,true
58,"Гороховец, Зеленая Crossing 71",00:00:00,00:00:00,2019-09-12,13,true
59,"Серпухов, Солнечная Way 33",00:00:00,00:00:00,2020-07-20,5,true
60,"Боровск, Октябрьская Plaza 89",00:00:00,00:00:00,2020-12-15,18,true
61,"Мценск, Озерная Plaza 70",00:00:00,00:00:00,2018-10-04,8,true
62,"Ханты-Мансийск, Юбилейная Parkway 54",07:00:00,23:00:00,2019-01-06,8,false
63,"Тольятти, Рабочая Lane 92",10:00:00,23:00:00,2020-11-19,12,false
64,"Адлер, Калинина Lane 89",00:00:00,00:00:00,2018-01-26,20,true
65,"Калязин, Береговая Court 43",00:00:00,00:00:00,2017-11-19,4,true
66,"Валдай, Лесная Junction 49",00:00:00,00:00:00,2018-06-21,0,true
67,"Плес, Нагорная Way 62",00:00:00,00:00:00,2018-09-26,4,true
68,"Великий Новгород, Лесная Terrace 87",00:00:00,00:00:00,2020-09-16,12,true
69,"Арзамас, Речная Crossing 32",00:00:00,00:00:00,2020-06-05,16,true
70,"Тюмень, Дачная Alley 67",09:00:00,22:00:00,2020-03-03,7,false
71,"Ханты-Мансийск, Чапаева Road 92",00:00:00,00:00:00,2018-12-15,15,true
72,"Петергоф, Зеленая Lane 92",00:00:00,00:00:00,2018-12-15,12,true
73,"Мышкин, Заречная Crossing 43",10:00:00,19:00:00,2017-01-16,2,false
74,"Сочи, Первомайская Junction 36",09:00:00,21:00:00,2017-12-13,8,false
75,"Саратов, Заречная Drive 82",12:00:00,22:00:00,2020-03-08,14,false
76,"Соловки, Первомайская Drive 96",00:00:00,00:00:00,2019-05-10,2,true
77,"Мценск, Набережная Court 10",00:00:00,00:00:00,2020-07-02,4,true
78,"Пенза, Центральная Parkway 3",00:00:00,00:00:00,2019-07-31,6,true
79,"Архипо-Осиповка, Степная Pass 15",08:00:00,21:00:00,2017-07-29,3,false
80,"Кемерово, Комсомольская Crossing 33",00:00:00,00:00:00,2018-03-12,12,true
81,"Чебоксары, Заречная Junction 99",08:00:00,20:00:00,2018-04-23,13,false
82,"Арзамас, Комсомольская Park 32",00:00:00,00:00:00,2017-09-06,17,true
83,"Переславль-Залесский, Заречная Crossing 11",11:00:00,21:00:00,2017-10-12,15,false
84,"Нижний Тагил, Молодежная Avenue 71",09:00:00,20:00:00,2020-09-15,16,false
85,"Тамань, Нагорная Pass 23",00:00:00,00:00:00,2020-04-26,6,true
86,"Тамань, Калинина Way 82",10:00:00,22:00:00,2018-09-03,9,false
87,"Боровск, Береговая Street 32",07:00:00,20:00:00,2020-03-23,16,false
88,"Ялта, Пушкина Crossing 5",00:00:00,00:00:00,2020-08-07,0,true
89,"Тюмень, Луговая Lane 88",00:00:00,00:00:00,2017-01-16,9,true
90,"Мышкин, Школьная Parkway 44",12:00:00,20:00:00,2018-02-08,11,false
91,"Соликамск, Степная Center 56",00:00:00,00:00:00,2020-08-10,18,true
92,"Соликамск, Береговая Way 27",00:00:00,00:00:00,2019-03-06,7,true
93,"Калининград, Нагорная Junction 16",08:00:00,20:00:00,2018-11-10,3,false
94,"Мурманск, Октябрьская Plaza 98",00:00:00,00:00:00,2020-08-04,1,true
95,"Гатчина, Чапаева Avenue 50",00:00:00,00:00:00,2020-11-12,8,true
96,"Елабуга, Рабочая Hill 11",00:00:00,00:00:00,2020-03-13,1,true
97,"Ейск, Пролетарская Alley 61",00:00:00,00:00:00,2018-09-18,18,true
98,"Светлогорск, Зеленая Point 60",00:00:00,00:00:00,2018-04-12,8,true
99,"Соликамск, Озерная Hill 73",00:00:00,00:00:00,2020-06-26,5,true
100,"Кинешма, Речная Road 21",00:00:00,00:00:00,2020-01-27,6,true
101,"Челябинск, Полевая Alley 13",09:00:00,21:00:00,2019-09-09,14,false
102,"Москва, Центральная Drive 83",00:00:00,00:00:00,2017-03-04,2,true
103,"Астрахань, Кирова Alley 63",00:00:00,00:00:00,2019-10-14,11,true
104,"Йошкар-Ола, Победы Street 72",00:00:00,00:00:00,2020-09-30,10,true
105,"Дмитров, Южная Terrace 64",09:00:00,22:00:00,2017-05-19,11,false
106,"Тюмень, Восточная Road 70",00:00:00,00:00:00,2019-08-31,11,true
107,"Владивосток, Первомайская Crossing 64",09:00:00,21:00:00,2019-02-17,7,false
108,"Боровск, Восточная Court 85",00:00:00,00:00:00,2019-05-12,10,true
109,"Мценск, Пролетарская Place 3",08:00:00,23:00:00,2019-02-26,12,false
110,"Пушкинские горы, Речная Road 41",09:00:00,21:00:00,2020-07-14,12,false
111,"Звенигород, Ленина Point 72",10:00:00,21:00:00,2017-11-04,4,false
112,"Сочи, Луговая Point 12",10:00:00,19:00:00,2020-07-05,14,false
113,"Тверь, Советская Terrace 12",08:00:00,22:00:00,2019-06-04,15,false
114,"Егорьевск, Школьная Pass 97",00:00:00,00:00:00,2020-02-28,9,true
115,"Соликамск, Мира Alley 51",00:00:00,00:00:00,2017-08-22,12,true
116,"Торжок, Железнодорожная Hill 54",12:00:00,21:00:00,2017-03-26,9,false
117,"Пушкин, Победы Trail 34",08:00:00,23:00:00,2018-03-23,1,false
118,"Кисловодск, Школьная Street 87",00:00:00,00:00:00,2017-10-14,7,true
119,"Мурманск, Дачная Lane 87",00:00:00,00:00:00,2018-03-18,16,true
120,"Козельск, Рабочая Parkway 10",00:00:00,00:00:00,2017-04-07,18,true
121,"Касимов, Набережная Point 45",00:00:00,00:00:00,2019-01-07,18,true
122,"Саранск, Молодежная Park 33",00:00:00,00:00:00,2018-02-12,11,true
123,"Великий Новгород, Победы Street 69",00:00:00,00:00:00,2020-08-12,8,true
124,"Арзамас, Зеленая Street 26",00:00:00,00:00:00,2019-06-30,8,true
125,"Покров, Молодежная Trail 12",10:00:00,20:00:00,2017-04-23,20,false
126,"Владивосток, Ленина Center 84",00:00:00,00:00:00,2020-12-22,10,true
127,"Таганрог, Набережная Park 9",00:00:00,00:00:00,2020-05-24,14,true
128,"Анапа, Дачная Hill 30",00:00:00,00:00:00,2020-03-04,19,true
129,"Верея, Речная Alley 44",00:00:00,00:00:00,2019-01-20,18,true
130,"Суздаль, Новая Point 50",00:00:00,00:00:00,2019-09-15,15,true
131,"Санкт-Петербург, Кирова Way 29",00:00:00,00:00:00,2018-06-24,8,true
132,"Саратов, Набережная Alley 69",07:00:00,22:00:00,2020-08-14,19,false
133,"Кимры, Октябрьская Park 30",00:00:00,00:00:00,2020-05-29,8,true
134,"Козельск, Садовая Way 70",00:00:00,00:00:00,2017-02-01,10,true
135,"Тюмень, Заречная Junction 94",08:00:00,22:00:00,2018-03-11,13,false
136,"Екатеринбург, Садовая Street 13",00:00:00,00:00:00,2018-07-07,1,true
137,"Сарапул, Зеленая Center 45",00:00:00,00:00:00,2018-09-27,17,true
138,"Чебоксары, Южная Point 7",00:00:00,00:00:00,2017-07-30,0,true
139,"Омск, Зеленая Court 27",00:00:00,00:00:00,2017-02-07,9,true
140,"Архангельск, Рабочая Road 29",00:00:00,00:00:00,2020-04-11,9,true
141,"Дмитров, Молодежная Park 88",00:00:00,00:00:00,2020-10-17,5,true
142,"Волгоград, Советская Street 23",10:00:00,22:00:00,2017-02-22,14,false
143,"Иваново, Южная Street 8",00:00:00,00:00:00,2020-02-15,16,true
144,"Кимры, Победы Crossing 32",09:00:00,22:00:00,2018-10-27,15,false
145,"Пенза, Школьный Pass 80",09:00:00,21:00:00,2020-11-13,18,false
146,"Мытищи, Северная Center 22",07:00:00,21:00:00,2019-06-12,8,false
147,"Мышкин, Октябрьская Park 19",10:00:00,22:00:00,2019-09-26,0,false
148,"Архипо-Осиповка, Речная Alley 67",11:00:00,21:00:00,2020-10-11,17,false
149,"Нижний Новгород, Чапаева Crossing 98",08:00:00,21:00:00,2019-01-17,8,false
150,"Владимир, Лесная Alley 74",10:00:00,20:00:00,2017-08-31,5,false
151,"Самара, Речная Junction 21",00:00:00,00:00:00,2017-08-13,20,true
152,"Луховицы, Садовая Avenue 60",00:00:00,00:00:00,2018-08-19,7,true
153,"Плес, Калинина Parkway 3",00:00:00,00:00:00,2020-05-24,8,true
154,"Волгоград, Школьный Drive 1",07:00:00,22:00:00,2020-07-07,7,false
155,"Смоленск, Калинина Parkway 76",10:00:00,22:00:00,2017-09-19,9,false
156,"Воронеж, Пролетарская Center 66",07:00:00,21:00:00,2020-06-21,17,false
157,"Севастополь, Луговая Plaza 25",11:00:00,22:00:00,2018-08-17,3,false
158,"Смоленск, Чапаева Drive 7",10:00:00,20:00:00,2017-08-28,9,false
159,"Ижевск, Школьная Parkway 10",08:00:00,20:00:00,2017-10-27,0,false
160,"Выборг, Пушкина Hill 61",00:00:00,00:00:00,2019-11-12,20,true
161,"Тамань, Чапаева Avenue 63",00:00:00,00:00:00,2019-11-17,14,true
162,"Сочи, Луговая Alley 66",09:00:00,20:00:00,2019-11-08,16,false
163,"Мышкин, Комсомольская Terrace 97",00:00:00,00:00:00,2020-01-21,19,true
164,"Ейск, Речная Alley 41",10:00:00,21:00:00,2018-04-27,15,false
165,"Новороссийск, Комсомольская Road 96",11:00:00,19:00:00,2018-08-01,6,false
166,"Павлово на Оке, Нагорная Junction 17",00:00:00,00:00:00,2018-07-15,16,true
167,"Брянск, Центральная Plaza 89",10:00:00,20:00:00,2018-03-14,16,false
168,"Ейск, Центральная Junction 2",08:00:00,21:00:00,2020-07-13,3,false
169,"Рязань, Советская Park 9",00:00:00,00:00:00,2020-08-21,16,true
170,"Муром, Комсомольская Parkway 76",00:00:00,00:00:00,2018-07-19,0,true
171,"Воронеж, Чапаева Way 36",10:00:00,20:00:00,2017-08-31,15,false
172,"Вязьма, Первомайская Park 5",00:00:00,00:00:00,2018-11-30,1,true
173,"Саратов, Заречная Park 67",00:00:00,00:00:00,2019-03-20,12,true
174,"Кисловодск, Октябрьская Way 40",10:00:00,20:00:00,2017-06-22,20,false
175,"Таруса, Центральная Terrace 0",09:00:00,22:00:00,2020-08-28,4,false
176,"Клин, Заречная Trail 7",07:00:00,19:00:00,2018-11-29,9,false
177,"Саратов, Первомайская Circle 11",00:00:00,00:00:00,2020-08-13,2,true
178,"Брянск, Победы Street 56",12:00:00,20:00:00,2017-02-23,9,false
179,"Самара, Пушкина Road 92",08:00:00,20:00:00,2020-08-10,0,false
180,"Казань, Восточная Trail 76",10:00:00,20:00:00,2020-12-18,16,false
181,"Подольск, Зеленая Road 58",00:00:00,00:00:00,2017-04-14,13,true
182,"Орёл, Северная Street 88",00:00:00,00:00:00,2017-11-14,8,true
183,"Торжок, Ленина Court 19",00:00:00,00:00:00,2020-06-26,15,true
184,"Галич, Гагарина Avenue 76",00:00:00,00:00:00,2017-12-01,1,true
185,"Саратов, Заречная Terrace 20",09:00:00,23:00:00,2018-12-14,17,false
186,"Дмитров, Комсомольская Way 97",09:00:00,21:00:00,2019-07-25,10,false
187,"Звенигород, Центральная Circle 59",00:00:00,00:00:00,2017-02-10,17,true
188,"Ялта, Школьная Drive 76",00:00:00,00:00:00,2017-03-07,17,true
189,"Пермь, Береговая Parkway 22",11:00:00,22:00:00,2019-02-23,12,false
190,"Севастополь, Солнечная Pass 78",12:00:00,22:00:00,2019-11-27,3,false
191,"Белгород, Колхозная Place 29",00:00:00,00:00:00,2020-01-18,5,true
192,"Ростов Великий, Комсомольская Street 39",11:00:00,19:00:00,2017-09-04,0,false
193,"Мытищи, Центральная Court 60",00:00:00,00:00:00,2020-01-20,19,true
194,"Ростов-на-Дону, Зеленая Drive 44",00:00:00,00:00:00,2019-09-15,4,true
195,"Тула, Солнечная Hill 87",00:00:00,00:00:00,2018-04-02,19,true
196,"Коломна, Молодежная Place 99",00:00:00,00:00:00,2020-07-30,16,true
197,"Тамбов, Калинина Parkway 88",11:00:00,20:00:00,2017-02-06,0,false
198,"Переславль-Залесский, Степная Avenue 84",10:00:00,22:00:00,2019-08-29,0,false
199,"Орёл, Пушкина Trail 45",00:00:00,00:00:00,2017-01-17,19,true
200,"Севастополь, Калинина Crossing 0",10:00:00,21:00:00,2019-11-30,10,false
201,"Череповец, Новая Plaza 78",08:00:00,21:00:00,2019-12-19,5,false
202,"Казань, Октябрьская Point 43",00:00:00,00:00:00,2017-06-08,20,true
203,"Саранск, Юбилейная Pass 69",00:00:00,00:00:00,2018-04-29,3,true
204,"Луховицы, Садовая Court 10",00:00:00,00:00:00,2018-04-28,16,true
205,"Уфа, Береговая Trail 51",07:00:00,20:00:00,2019-12-12,17,false
206,"Петрозаводск, Луговая Junction 21",00:00:00,00:00:00,2018-09-14,15,true
207,"Ейск, Лесная Court 93",08:00:00,22:00:00,2018-01-29,13,false
208,"Череповец, Новая Circle 97",07:00:00,20:00:00,2019-04-10,4,false
209,"Боровск, Молодежная Avenue 51",08:00:00,19:00:00,2019-02-07,7,false
210,"Великий Устюг, Школьная Plaza 4",12:00:00,21:00:00,2019-03-15,8,false
211,"Арзамас, Мира Crossing 20",11:00:00,22:00:00,2018-03-10,1,false
212,"Тотьма, Победы Point 91",10:00:00,22:00:00,2017-02-08,8,false
213,"Липецк, Солнечная Way 62",10:00:00,23:00:00,2017-05-21,3,false
214,"Пушкинские горы, Школьный Street 92",12:00:00,23:00:00,2017-10-04,5,false
215,"Углич, Новая Street 9",10:00:00,20:00:00,2018-06-20,11,false
216,"Тутаев, Молодежная Lane 52",00:00:00,00:00:00,2017-12-13,6,true
217,"Тутаев, Береговая Park 91",09:00:00,20:00:00,2017-05-06,9,false
218,"Покров, Победы Park 69",10:00:00,22:00:00,2017-03-09,7,false
219,"Пенза, Гагарина Drive 15",09:00:00,20:00:00,2019-01-25,9,false
220,"Лазаревское, Новая Way 62",10:00:00,20:00:00,2018-02-20,13,false
221,"Калязин, Молодежная Junction 46",00:00:00,00:00:00,2017-09-24,17,true
222,"Мурманск, Пионерская Court 48",10:00:00,22:00:00,2018-04-07,11,false
223,"Кемерово, Школьный Plaza 6",08:00:00,21:00:00,2017-08-15,20,false
224,"Елец, Чапаева Hill 65",00:00:00,00:00:00,2017-01-17,19,true
225,"Рязань, Пролетарская Park 18",10:00:00,23:00:00,2020-02-29,8,false
226,"Кириллов, Нагорная Park 50",00:00:00,00:00:00,2020-05-12,20,true
227,"Бежецк, Дачная Junction 27",00:00:00,00:00:00,2019-08-09,10,true
228,"Геленджик, Мира Junction 8",10:00:00,23:00:00,2018-08-04,10,false
229,"Тобольск, Гагарина Avenue 97",11:00:00,22:00:00,2018-01-18,2,false
230,"Галич, Солнечная Parkway 76",08:00:00,23:00:00,2017-04-01,14,false
231,"Краснодар, Рабочая Hill 12",00:00:00,00:00:00,2020-01-02,13,true
232,"Дмитров, Озерная Park 53",08:00:00,20:00:00,2020-05-28,14,false
233,"Сарапул, Озерная Trail 24",00:00:00,00:00:00,2020-01-23,2,true
234,"Архангельск, Школьный Hill 40",00:00:00,00:00:00,2018-03-24,10,true
235,"Астрахань, Луговая Way 70",00:00:00,00:00:00,2020-01-24,13,true
236,"Ялта, Первомайская Alley 41",00:00:00,00:00:00,2018-04-23,0,true
237,"Вязьма, Лесная Road 20",00:00:00,00:00:00,2017-11-28,10,true
238,"Тула, Зеленая Center 68",00:00:00,00:00:00,2020-07-11,10,true
239,"Томск, Северная Terrace 71",08:00:00,19:00:00,2017-02-03,18,false
240,"Архипо-Осиповка, Комсомольская Center 87",00:00:00,00:00:00,2020-10-16,14,true
241,"Орёл, Пушкина Lane 77",09:00:00,20:00:00,2019-05-05,2,false
242,"Мытищи, Садовая Street 90",11:00:00,22:00:00,2020-06-21,19,false
243,"Брянск, Центральная Hill 54",00:00:00,00:00:00,2018-12-14,16,true
244,"Переславль-Залесский, Степная Way 32",00:00:00,00:00:00,2020-03-16,8,true
245,"Светлогорск, Садовая Center 76",00:00:00,00:00:00,2018-01-04,1,true
246,"Смоленск, Береговая Park 60",00:00:00,00:00:00,2017-04-12,20,true
247,"Мурманск, Лесная Circle 33",00:00:00,00:00:00,2020-08-31,18,true
248,"Киров, Южная Place 73",11:00:00,20:00:00,2017-06-15,17,false
249,"Тамбов, Гагарина Alley 62",00:00:00,00:00:00,2020-06-18,5,true
250,"Пермь, Северная Terrace 12",09:00:00,21:00:00,2020-02-09,0,false
251,"Краснодар, Пушкина Circle 50",00:00:00,00:00:00,2020-02-02,7,true
252,"Псков, Южная Circle 36",10:00:00,23:00:00,2019-09-29,14,false
253,"Тула, Гагарина Alley 68",10:00:00,23:00:00,2019-12-11,3,false
254,"Сергиев Посад, Полевая Point 4",00:00:00,00:00:00,2017-07-24,4,true
255,"Челябинск, Комсомольская Way 51",00:00:00,00:00:00,2020-10-14,14,true
256,"Петрозаводск, Советская Circle 80",08:00:00,23:00:00,2019-06-06,16,false
257,"Великий Новгород, Пушкина Lane 58",00:00:00,00:00:00,2018-02-05,10,true
258,"Саратов, Береговая Lane 5",00:00:00,00:00:00,2017-12-06,16,true
259,"Ейск, Зеленая Court 47",00:00:00,00:00:00,2017-07-20,5,true
260,"Пермь, Степная Park 86",11:00:00,21:00:00,2017-02-06,0,false
261,"Павлово на Оке, Зеленая Way 79",00:00:00,00:00:00,2017-12-08,7,true
262,"Пятигорск, Центральная Point 42",09:00:00,21:00:00,2019-06-17,6,false
263,"Переславль-Залесский, Речная Hill 29",00:00:00,00:00:00,2018-07-29,15,true
264,"Киров, Восточная Point 34",00:00:00,00:00:00,2019-10-21,13,true
265,"Йошкар-Ола, Победы Park 64",00:00:00,00:00:00,2020-08-06,1,true
266,"Липецк, Калинина Plaza 44",08:00:00,21:00:00,2020-11-02,3,false
267,"Пенза, Дачная Road 16",09:00:00,23:00:00,2020-03-25,6,false
268,"Изборск, Пушкина Crossing 18",10:00:00,23:00:00,2017-12-11,9,false
269,"Красная поляна, Чапаева Plaza 79",00:00:00,00:00:00,2018-01-30,4,true
270,"Тверь, Молодежная Plaza 19",08:00:00,23:00:00,2017-11-10,6,false
271,"Чебоксары, Заречная Point 87",10:00:00,20:00:00,2017-10-16,15,false
272,"Сергиев Посад, Комсомольская Pass 81",00:00:00,00:00:00,2019-08-26,19,true
273,"Лазаревское, Октябрьская Circle 23",00:00:00,00:00:00,2017-02-26,5,true
274,"Волгоград, Калинина Park 14",00:00:00,00:00:00,2018-01-01,13,true
275,"Калязин, Озерная Plaza 87",00:00:00,00:00:00,2017-01-14,13,true
276,"Бежецк, Пионерская Court 10",00:00:00,00:00:00,2017-05-29,4,true
277,"Мытищи, Пионерская Plaza 26",07:00:00,20:00:00,2018-06-01,7,false
278,"Зарайск, Железнодорожная Park 10",08:00:00,20:00:00,2018-04-02,10,false
279,"Ярославль, Октябрьская Way 8",00:00:00,00:00:00,2019-08-06,14,true
280,"Галич, Новая Street 84",00:00:00,00:00:00,2019-03-04,2,true
281,"Владивосток, Полевая Plaza 15",00:00:00,00:00:00,2017-08-15,17,true
282,"Анапа, Полевая Circle 67",10:00:00,20:00:00,2018-05-10,20,false
283,"Кронштадт, Центральная Hill 19",00:00:00,00:00:00,2017-05-30,20,true
284,"Александров, Победы Way 31",00:00:00,00:00:00,2020-11-25,10,true
285,"Сарапул, Молодежная Plaza 1",00:00:00,00:00:00,2019-11-22,0,true
286,"Кронштадт, Степная Trail 55",09:00:00,21:00:00,2018-09-17,1,false
287,"Саратов, Южная Place 68",08:00:00,20:00:00,2017-08-03,18,false
288,"Ульяновск, Колхозная Parkway 16",00:00:00,00:00:00,2020-03-05,1,true
289,"Осташков, Пушкина Terrace 67",11:00:00,21:00:00,2020-06-12,20,false
290,"Мценск, Советская Drive 47",00:00:00,00:00:00,2019-09-16,15,true
291,"Архипо-Осиповка, Садовая Crossing 23",00:00:00,00:00:00,2018-02-21,16,true
292,"Плес, Первомайская Court 91",00:00:00,00:00:00,2020-12-13,9,true
293,"Арзамас, Речная Court 72",11:00:00,21:00:00,2020-06-19,11,false
294,"Киров, Южная Street 33",07:00:00,19:00:00,2019-03-19,11,false
295,"Иваново, Степная Terrace 21",00:00:00,00:00:00,2020-11-04,20,true
296,"Малоярославец, Гагарина Avenue 35",00:00:00,00:00:00,2017-05-18,7,true
297,"Серпухов, Гагарина Road 15",09:00:00,23:00:00,2017-01-06,4,false
298,"Курск, Заречная Place 28",10:00:00,20:00:00,2020-08-12,3,false
299,"Изборск, Новая Trail 9",00:00:00,00:00:00,2020-04-11,0,true
300,"Великий Устюг, Новая Place 20",11:00:00,22:00:00,2018-05-13,13,false
301,"Саратов, Полевая Lane 58",09:00:00,20:00:00,2017-10-24,8,false
302,"Кинешма, Озерная Trail 97",07:00:00,20:00:00,2019-11-21,19,false
303,"Кисловодск, Юбилейная Point 94",00:00:00,00:00:00,2020-09-28,15,true
304,"Псков, Октябрьская Junction 0",00:00:00,00:00:00,2019-12-23,6,true
305,"Кемерово, Ленина Way 39",00:00:00,00:00:00,2017-02-16,7,true
306,"Белгород, Набережная Plaza 25",10:00:00,22:00:00,2019-02-28,15,false
307,"Городец, Победы Terrace 99",00:00:00,00:00:00,2017-04-23,12,true
308,"Архипо-Осиповка, Молодежная Alley 52",11:00:00,22:00:00,2020-03-17,15,false
309,"Кимры, Калинина Court 69",00:00:00,00:00:00,2020-08-06,11,true
310,"Архангельск, Дачная Lane 74",00:00:00,00:00:00,2017-01-20,18,true
311,"Томск, Гагарина Road 4",00:00:00,00:00:00,2018-12-22,12,true
312,"Ростов Великий, Дачная Circle 64",10:00:00,23:00:00,2020-03-04,17,false
313,"Великий Устюг, Победы Hill 2",10:00:00,23:00:00,2020-08-07,9,false
314,"Вязьма, Победы Park 15",00:00:00,00:00:00,2020-07-12,3,true
315,"Кимры, Береговая Junction 0",00:00:00,00:00:00,2020-10-27,9,true
316,"Архипо-Осиповка, Садовая Avenue 55",00:00:00,00:00:00,2020-02-25,20,true
317,"Владивосток, Школьный Parkway 62",00:00:00,00:00:00,2020-07-26,19,true
318,"Козельск, Школьная Drive 15",08:00:00,19:00:00,2018-01-10,16,false
319,"Козельск, Южная Center 39",00:00:00,00:00:00,2019-10-20,20,true
320,"Ковров, Дачная Place 46",10:00:00,20:00:00,2018-10-02,13,false
321,"Анапа, Железнодорожная Court 93",00:00:00,00:00:00,2020-07-06,20,true
322,"Таруса, Заречная Junction 77",00:00:00,00:00:00,2019-09-21,10,true
323,"Великий Устюг, Юбилейная Parkway 47",08:00:00,21:00:00,2019-03-26,6,false
324,"Соловки, Пионерская Way 42",09:00:00,22:00:00,2017-09-11,3,false
325,"Переславль-Залесский, Набережная Crossing 99",00:00:00,00:00:00,2020-01-01,18,true
326,"Чебоксары, Садовая Avenue 82",00:00:00,00:00:00,2017-02-24,8,true
327,"Тверь, Северная Trail 39",09:00:00,21:00:00,2019-06-15,18,false
328,"Рязань, Речная Way 93",00:00:00,00:00:00,2020-04-15,12,true
329,"Пятигорск, Комсомольская Circle 88",00:00:00,00:00:00,2019-04-09,8,true
330,"Соликамск, Полевая Parkway 43",12:00:00,23:00:00,2020-12-24,15,false
331,"Тотьма, Луговая Way 96",00:00:00,00:00:00,2018-06-12,16,true
332,"Тутаев, Центральная Center 39",00:00:00,00:00:00,2019-08-26,12,true
333,"Осташков, Калинина Drive 98",00:00:00,00:00:00,2018-10-03,19,true
334,"Владимир, Восточная Center 56",12:00:00,23:00:00,2018-03-10,18,false
335,"Великий Новгород, Садовая Parkway 42",09:00:00,21:00:00,2020-06-10,8,false
336,"Валдай, Дачная Court 48",11:00:00,21:00:00,2020-08-22,3,false
337,"Зарайск, Пушкина Place 74",12:00:00,22:00:00,2017-02-17,18,false
338,"Челябинск, Полевая Place 96",08:00:00,21:00:00,2018-01-04,12,false
339,"Торжок, Чапаева Hill 85",11:00:00,21:00:00,2017-07-25,17,false
340,"Торжок, Пионерская Way 82",00:00:00,00:00:00,2019-12-07,19,true
341,"Чебоксары, Береговая Circle 54",00:00:00,00:00:00,2017-10-15,15,true
342,"Сочи, Мира Park 14",11:00:00,22:00:00,2019-04-24,18,false
343,"Томск, Мира Lane 23",11:00:00,23:00:00,2017-03-01,7,false
344,"Тюмень, Солнечная Way 76",11:00:00,22:00:00,2017-04-27,9,false
345,"Брянск, Кирова Point 68",08:00:00,21:00:00,2017-12-04,2,false
346,"Муром, Ленина Way 65",00:00:00,00:00:00,2020-06-30,19,true
347,"Осташков, Кирова Road 75",00:00:00,00:00:00,2020-09-11,10,true
348,"Юрьев-Польский, Юбилейная Junction 56",08:00:00,21:00:00,2019-12-06,3,false
349,"Геленджик, Советская Park 21",08:00:00,22:00:00,2019-04-03,17,false
350,"Калуга, Мира Plaza 76",00:00:00,00:00:00,2017-09-20,17,true
351,"Мценск, Октябрьская Way 64",07:00:00,19:00:00,2017-01-04,20,false
352,"Череповец, Победы Circle 5",09:00:00,21:00:00,2020-03-10,6,false
353,"Ханты-Мансийск, Первомайская Park 86",11:00:00,21:00:00,2020-07-27,5,false
354,"Козельск, Колхозная Center 85",10:00:00,21:00:00,2020-03-04,5,false
355,"Кронштадт, Юбилейная Pass 84",08:00:00,22:00:00,2018-03-08,2,false
356,"Иваново, Октябрьская Trail 58",09:00:00,20:00:00,2017-04-03,1,false
357,"Тамбов, Молодежная Street 48",00:00:00,00:00:00,2019-12-21,12,true
358,"Сарапул, Солнечная Court 23",11:00:00,22:00:00,2017-03-19,13,false
359,"Подольск, Рабочая Court 56",00:00:00,00:00:00,2018-02-15,14,true
360,"Рыбинск, Чапаева Avenue 42",12:00:00,20:00:00,2017-06-06,13,false
361,"Дмитров, Луговая Avenue 55",11:00:00,22:00:00,2020-12-09,11,false
362,"Городец, Кирова Alley 47",00:00:00,00:00:00,2018-07-14,16,true
363,"Смоленск, Октябрьская Center 8",09:00:00,22:00:00,2020-12-26,16,false
364,"Череповец, Школьная Avenue 90",00:00:00,00:00:00,2017-06-20,15,true
365,"Переславль-Залесский, Зеленая Lane 27",00:00:00,00:00:00,2020-05-20,7,true
366,"Углич, Южная Hill 89",00:00:00,00:00:00,2018-06-26,5,true
367,"Елец, Набережная Avenue 25",10:00:00,22:00:00,2020-06-12,20,false
368,"Челябинск, Школьная Street 12",11:00:00,21:00:00,2017-08-24,0,false
369,"Калининград, Речная Crossing 20",08:00:00,19:00:00,2017-08-28,19,false
370,"Калязин, Нагорная Drive 74",00:00:00,00:00:00,2017-06-02,19,true
371,"Лазаревское, Школьная Crossing 68",12:00:00,20:00:00,2018-05-24,1,false
372,"Егорьевск, Пушкина Trail 86",00:00:00,00:00:00,2020-07-29,3,true
373,"Пушкинские горы, Речная Hill 90",00:00:00,00:00:00,2020-09-22,12,true
374,"Елабуга, Калинина Pass 75",00:00:00,00:00:00,2017-05-18,11,true
375,"Тольятти, Новая Park 59",11:00:00,21:00:00,2020-05-12,0,false
376,"Плес, Юбилейная Court 8",00:00:00,00:00:00,2020-04-25,10,true
377,"Сочи, Луговая Lane 98",00:00:00,00:00:00,2019-02-18,11,true
378,"Торжок, Зеленая Center 98",10:00:00,19:00:00,2018-04-12,11,false
379,"Боровск, Солнечная Avenue 57",00:00:00,00:00:00,2020-04-06,19,true
380,"Петергоф, Калинина Lane 36",12:00:00,22:00:00,2020-09-19,9,false
381,"Зарайск, Лесная Street 39",12:00:00,22:00:00,2020-06-16,18,false
382,"Нижний Тагил, Октябрьская Plaza 98",00:00:00,00:00:00,2019-03-19,8,true
383,"Красноярск, Гагарина Center 26",11:00:00,22:00:00,2020-03-25,1,false
384,"Нижний Новгород, Кирова Pass 80",11:00:00,23:00:00,2017-04-02,0,false
385,"Ялта, Восточная Street 73",11:00:00,19:00:00,2019-08-01,7,false
386,"Звенигород, Калинина Parkway 10",00:00:00,00:00:00,2017-05-15,9,true
387,"Ижевск, Железнодорожная Alley 27",00:00:00,00:00:00,2020-11-28,16,true
388,"Елец, Речная Road 70",00:00:00,00:00:00,2019-12-27,3,true
389,"Великий Устюг, Садовая Street 54",08:00:00,23:00:00,2017-10-27,9,false
390,"Мышкин, Комсомольская Hill 53",00:00:00,00:00:00,2020-04-28,1,true
391,"Москва, Нагорная Road 55",11:00:00,20:00:00,2020-07-20,12,false
392,"Чебоксары, Северная Park 43",09:00:00,20:00:00,2020-04-20,10,false
393,"Гороховец, Садовая Plaza 43",00:00:00,00:00:00,2018-09-04,20,true
394,"Ханты-Мансийск, Береговая Trail 82",11:00:00,23:00:00,2019-06-07,17,false
395,"Таруса, Пушкина Drive 37",00:00:00,00:00:00,2018-12-07,6,true
396,"Челябинск, Чапаева Street 10",00:00:00,00:00:00,2018-12-16,3,true
397,"Кемерово, Калинина Parkway 92",00:00:00,00:00:00,2017-07-28,10,true
398,"Елабуга, Садовая Park 25",08:00:00,19:00:00,2019-09-03,15,false
399,"Смоленск, Пролетарская Avenue 92",00:00:00,00:00:00,2019-08-02,7,true
400,"Лазаревское, Полевая Way 33",00:00:00,00:00:00,2018-01-13,11,true
401,"Касимов, Речная Way 7",07:00:00,21:00:00,2018-10-05,10,false
402,"Можайск, Нагорная Way 30",11:00:00,21:00:00,2019-09-14,17,false
403,"Гороховец, Восточная Plaza 66",08:00:00,22:00:00,2017-09-26,15,false
404,"Ханты-Мансийск, Молодежная Point 35",00:00:00,00:00:00,2020-05-14,3,true
405,"Курск, Северная Park 55",09:00:00,20:00:00,2018-08-25,6,false
406,"Подольск, Новая Court 76",08:00:00,23:00:00,2019-07-01,12,false
407,"Адлер, Садовая Circle 2",08:00:00,21:00:00,2020-06-28,16,false
408,"Ейск, Степная Point 35",00:00:00,00:00:00,2017-01-25,16,true
409,"Ялта, Полевая Center 65",09:00:00,21:00:00,2018-02-24,3,false
410,"Галич, Мира Terrace 28",11:00:00,21:00:00,2017-02-26,1,false
411,"Дмитров, Лесная Terrace 26",00:00:00,00:00:00,2020-11-23,13,true
412,"Орёл, Чапаева Terrace 78",00:00:00,00:00:00,2020-02-03,7,true
413,"Елабуга, Комсомольская Center 93",11:00:00,20:00:00,2017-09-01,17,false
414,"Дмитров, Лесная Street 78",00:00:00,00:00:00,2018-04-19,8,true
415,"Екатеринбург, Кирова Road 8",10:00:00,23:00:00,2020-05-17,8,false
416,"Тамбов, Озерная Point 72",00:00:00,00:00:00,2019-06-03,0,true
417,"Тюмень, Чапаева Crossing 69",00:00:00,00:00:00,2017-01-07,12,true
418,"Мытищи, Береговая Place 81",12:00:00,20:00:00,2019-12-08,11,false
419,"Владивосток, Солнечная Street 85",10:00:00,19:00:00,2018-09-17,5,false
420,"Кемерово, Юбилейная Junction 70",08:00:00,22:00:00,2017-02-02,9,false
421,"Волгоград, Юбилейная Court 45",00:00:00,00:00:00,2019-07-17,12,true
422,"Дмитров, Молодежная Pass 76",10:00:00,22:00:00,2020-05-04,15,false
423,"Тюмень, Пролетарская Center 74",11:00:00,20:00:00,2020-07-24,12,false
424,"Адлер, Кирова Center 11",10:00:00,22:00:00,2018-10-23,17,false
425,"Курск, Колхозная Point 42",00:00:00,00:00:00,2019-04-06,3,true
426,"Сарапул, Новая Park 39",11:00:00,21:00:00,2017-12-07,2,false
427,"Омск, Первомайская Lane 52",00:00:00,00:00:00,2018-05-04,8,true
428,"Касимов, Пролетарская Park 88",00:00:00,00:00:00,2017-05-26,5,true
429,"Омск, Пролетарская Crossing 87",00:00:00,00:00:00,2017-07-03,2,true
430,"Красноярск, Гагарина Parkway 55",00:00:00,00:00:00,2017-07-28,16,true
431,"Покров, Полевая Court 53",00:00:00,00:00:00,2018-12-09,2,true
432,"Пенза, Набережная Park 53",00:00:00,00:00:00,2020-09-11,5,true
433,"Тюмень, Нагорная Circle 47",00:00:00,00:00:00,2019-12-21,2,true
434,"Кириллов, Луговая Avenue 3",00:00:00,00:00:00,2017-11-17,1,true
435,"Смоленск, Рабочая Court 81",12:00:00,22:00:00,2020-08-30,7,false
436,"Таруса, Луговая Plaza 25",00:00:00,00:00:00,2020-02-11,14,true
437,"Иваново, Комсомольская Circle 0",09:00:00,19:00:00,2020-03-13,16,false
438,"Дмитров, Садовая Circle 45",00:00:00,00:00:00,2020-10-16,13,true
439,"Гороховец, Восточная Way 93",00:00:00,00:00:00,2019-05-14,3,true
440,"Кимры, Восточная Pass 72",00:00:00,00:00:00,2019-10-05,3,true
441,"Санкт-Петербург, Набережная Circle 47",09:00:00,21:00:00,2019-02-04,12,false
442,"Соликамск, Колхозная Parkway 3",12:00:00,21:00:00,2017-09-08,7,false
443,"Сочи, Колхозная Court 46",09:00:00,21:00:00,2020-02-07,4,false
444,"Тула, Полевая Hill 50",10:00:00,19:00:00,2018-12-30,15,false
445,"Липецк, Кирова Crossing 44",08:00:00,22:00:00,2019-02-13,9,false
446,"Мценск, Железнодорожная Way 59",07:00:00,20:00:00,2019-04-27,10,false
447,"Муром, Октябрьская Crossing 90",00:00:00,00:00:00,2018-07-08,5,true
448,"Петергоф, Школьный Plaza 36",11:00:00,19:00:00,2020-04-04,1,false
449,"Астрахань, Дачная Park 24",00:00:00,00:00:00,2020-06-18,10,true
450,"Малоярославец, Дачная Alley 31",09:00:00,20:00:00,2017-01-13,0,false
451,"Череповец, Степная Alley 92",00:00:00,00:00:00,2017-12-17,5,true
452,"Москва, Мира Terrace 12",11:00:00,22:00:00,2019-12-18,16,false
453,"Пенза, Полевая Parkway 40",00:00:00,00:00:00,2020-05-08,19,true
454,"Мытищи, Комсомольская Parkway 74",09:00:00,21:00:00,2017-04-06,18,false
455,"Тольятти, Речная Point 33",10:00:00,19:00:00,2019-08-23,11,false
456,"Соловки, Речная Place 60",00:00:00,00:00:00,2019-12-25,11,true
457,"Арзамас, Восточная Parkway 10",00:00:00,00:00:00,2020-10-29,1,true
458,"Рыбинск, Заречная Crossing 47",10:00:00,22:00:00,2019-07-14,13,false
459,"Челябинск, Ленина Street 16",08:00:00,21:00:00,2019-12-01,7,false
460,"Нижний Новгород, Октябрьская Pass 85",11:00:00,20:00:00,2017-08-31,6,false
461,"Ханты-Мансийск, Советская Hill 52",11:00:00,20:00:00,2020-09-30,18,false
462,"Пенза, Южная Avenue 42",00:00:00,00:00:00,2019-12-29,8,true
463,"Мценск, Калинина Place 35",00:00:00,00:00:00,2018-06-10,6,true
464,"Кириллов, Молодежная Drive 38",00:00:00,00:00:00,2020-12-09,18,true
465,"Калуга, Гагарина Plaza 34",00:00:00,00:00:00,2019-04-20,14,true
466,"Элиста, Кирова Way 25",00:00:00,00:00:00,2018-04-15,20,true
467,"Череповец, Пионерская Trail 55",09:00:00,22:00:00,2018-06-27,13,false
468,"Йошкар-Ола, Степная Parkway 31",00:00:00,00:00:00,2019-11-17,13,true
469,"Ульяновск, Первомайская Circle 84",11:00:00,20:00:00,2018-06-24,6,false
470,"Плес, Полевая Lane 50",00:00:00,00:00:00,2019-03-30,4,true
471,"Анапа, Речная Hill 14",00:00:00,00:00:00,2020-09-15,0,true
472,"Козельск, Степная Terrace 33",00:00:00,00:00:00,2017-08-30,3,true
473,"Калязин, Южная Lane 73",10:00:00,20:00:00,2017-10-20,0,false
474,"Тольятти, Калинина Circle 17",07:00:00,21:00:00,2020-07-12,10,false
475,"Кириллов, Кирова Parkway 3",00:00:00,00:00:00,2020-01-05,14,true
476,"Анапа, Садовая Point 72",00:00:00,00:00:00,2020-08-10,4,true
477,"Саратов, Дачная Junction 81",10:00:00,20:00:00,2019-07-23,14,false
478,"Кимры, Мира Lane 66",00:00:00,00:00:00,2017-04-25,19,true
479,"Звенигород, Восточная Hill 95",09:00:00,19:00:00,2019-06-17,8,false
480,"Козельск, Октябрьская Point 89",00:00:00,00:00:00,2018-03-12,4,true
481,"Дубна, Речная Pass 68",08:00:00,22:00:00,2019-03-23,4,false
482,"Владимир, Ленина Lane 72",00:00:00,00:00:00,2018-08-06,11,true
483,"Курск, Центральная Avenue 42",00:00:00,00:00:00,2019-07-07,3,true
484,"Коломна, Береговая Lane 26",00:00:00,00:00:00,2019-06-12,19,true
485,"Малоярославец, Заречная Plaza 47",00:00:00,00:00:00,2017-05-23,20,true
486,"Череповец, Первомайская Drive 33",10:00:00,23:00:00,2018-10-25,20,false
487,"Архангельск, Степная Alley 19",10:00:00,22:00:00,2020-07-07,11,false
488,"Ульяновск, Калинина Lane 70",07:00:00,22:00:00,2018-11-20,11,false
489,"Калязин, Заречная Parkway 34",12:00:00,22:00:00,2017-10-17,2,false
490,"Серпухов, Рабочая Trail 49",08:00:00,23:00:00,2019-02-05,8,false
491,"Пенза, Пионерская Place 58",00:00:00,00:00:00,2017-03-06,1,true
492,"Красная поляна, Восточная Lane 5",10:00:00,22:00:00,2018-12-20,20,false
493,"Егорьевск, Новая Point 43",00:00:00,00:00:00,2018-08-13,9,true
494,"Кронштадт, Советская Plaza 52",00:00:00,00:00:00,2018-09-29,19,true
495,"Вязьма, Октябрьская Hill 29",00:00:00,00:00:00,2018-02-24,7,true
496,"Кириллов, Набережная Drive 30",12:00:00,21:00:00,2018-02-21,17,false
497,"Покров, Пролетарская Street 77",00:00:00,00:00:00,2019-12-26,5,true
498,"Серпухов, Гагарина Trail 88",00:00:00,00:00:00,2018-04-06,10,true
499,"Кемерово, Молодежная Drive 29",00:00:00,00:00:00,2019-04-20,8,true
500,"Верея, Садовая Park 81",11:00:00,22:00:00,2019-09-13,17,false
501,"Нижний Новгород, Чапаева Trail 3",00:00:00,00:00:00,2018-02-14,2,true
502,"Орёл, Юбилейная Circle 96",10:00:00,19:00:00,2020-02-29,10,false
503,"Таруса, Солнечная Avenue 66",07:00:00,21:00:00,2017-02-22,9,false
504,"Торжок, Заречная Lane 71",00:00:00,00:00:00,2020-01-31,2,true
505,"Мурманск, Мира Alley 34",08:00:00,19:00:00,2018-07-31,20,false
506,"Галич, Полевая Point 96",00:00:00,00:00:00,2018-12-04,20,true
507,"Тверь, Полевая Junction 7",00:00:00,00:00:00,2019-12-18,10,true
508,"Светлогорск, Победы Hill 21",00:00:00,00:00:00,2019-08-30,13,true
509,"Коломна, Полевая Crossing 57",10:00:00,20:00:00,2017-11-22,9,false
510,"Ульяновск, Кирова Place 84",07:00:00,22:00:00,2018-08-15,11,false
511,"Вологда, Лесная Lane 49",00:00:00,00:00:00,2018-12-12,5,true
512,"Ростов-на-Дону, Октябрьская Drive 54",00:00:00,00:00:00,2020-04-18,18,true
513,"Соликамск, Рабочая Point 63",10:00:00,22:00:00,2017-02-12,12,false
514,"Арзамас, Победы Avenue 92",11:00:00,20:00:00,2020-05-15,1,false
515,"Дмитров, Полевая Avenue 32",09:00:00,19:00:00,2018-07-28,8,false
516,"Малоярославец, Октябрьская Street 56",10:00:00,20:00:00,2018-07-03,13,false
517,"Кириллов, Чапаева Center 3",00:00:00,00:00:00,2018-05-13,8,true
518,"Москва, Северная Hill 7",00:00:00,00:00:00,2019-12-18,1,true
519,"Иваново, Солнечная Terrace 92",08:00:00,19:00:00,2019-05-01,5,false
520,"Уфа, Новая Trail 65",12:00:00,20:00:00,2018-10-08,15,false
521,"Саранск, Восточная Street 20",10:00:00,20:00:00,2019-08-13,6,false
522,"Казань, Береговая Trail 51",07:00:00,20:00:00,2019-03-17,11,false
523,"Красноярск, Южная Hill 81",00:00:00,00:00:00,2018-09-21,13,true
524,"Ковров, Железнодорожная Pass 92",00:00:00,00:00:00,2020-12-27,13,true
525,"Ульяновск, Пушкина Trail 7",10:00:00,21:00:00,2017-07-05,18,false
526,"Боровск, Нагорная Avenue 40",10:00:00,20:00:00,2018-07-24,13,false
527,"Городец, Новая Street 6",08:00:00,19:00:00,2020-06-22,11,false
528,"Геленджик, Новая Park 6",08:00:00,23:00:00,2017-03-24,3,false
529,"Геленджик, Степная Junction 73",00:00:00,00:00:00,2018-01-09,10,true
530,"Казань, Кирова Trail 44",00:00:00,00:00:00,2020-08-13,3,true
531,"Владимир, Железнодорожная Plaza 12",10:00:00,23:00:00,2020-01-08,14,false
532,"Кемерово, Восточная Alley 59",00:00:00,00:00:00,2017-06-08,11,true
533,"Тутаев, Мира Street 28",10:00:00,21:00:00,2020-11-16,1,false
534,"Новосибирск, Ленина Plaza 25",09:00:00,20:00:00,2019-08-16,2,false
535,"Ковров, Дачная Park 97",00:00:00,00:00:00,2017-07-20,18,true
536,"Йошкар-Ола, Юбилейная Parkway 30",00:00:00,00:00:00,2017-07-19,18,true
537,"Мытищи, Луговая Plaza 60",00:00:00,00:00:00,2017-12-06,20,true
538,"Нижний Новгород, Пионерская Plaza 15",09:00:00,22:00:00,2017-01-26,7,false
539,"Екатеринбург, Советская Park 76",00:00:00,00:00:00,2020-07-26,7,true
540,"Томск, Колхозная Alley 9",11:00:00,20:00:00,2018-08-29,16,false
541,"Астрахань, Комсомольская Place 31",00:00:00,00:00:00,2017-02-26,2,true
542,"Кострома, Рабочая Parkway 19",10:00:00,23:00:00,2019-03-17,9,false
543,"Сергиев Посад, Железнодорожная Street 39",08:00:00,20:00:00,2018-01-03,18,false
544,"Кисловодск, Луговая Crossing 29",00:00:00,00:00:00,2020-03-30,0,true
545,"Архипо-Осиповка, Солнечная Plaza 17",08:00:00,19:00:00,2019-02-01,15,false
546,"Брянск, Победы Parkway 34",00:00:00,00:00:00,2018-07-17,18,true
547,"Изборск, Комсомольская Terrace 53",09:00:00,22:00:00,2017-05-12,7,false
548,"Архипо-Осиповка, Нагорная Point 0",10:00:00,20:00:00,2019-08-10,12,false
549,"Кисловодск, Озерная Park 57",07:00:00,22:00:00,2019-12-15,18,false
550,"Брянск, Железнодорожная Road 28",11:00:00,21:00:00,2018-11-19,11,false
551,"Калязин, Пролетарская Pass 4",00:00:00,00:00:00,2020-07-29,18,true
552,"Калининград, Первомайская Road 53",09:00:00,21:00:00,2017-02-06,18,false
553,"Владивосток, Озерная Avenue 65",08:00:00,21:00:00,2017-02-09,5,false
554,"Чебоксары, Октябрьская Point 31",00:00:00,00:00:00,2018-04-19,20,true
555,"Псков, Юбилейная Circle 0",00:00:00,00:00:00,2020-12-08,6,true
556,"Углич, Гагарина Center 25",08:00:00,23:00:00,2019-06-10,8,false
557,"Саратов, Новая Lane 84",09:00:00,23:00:00,2017-08-04,20,false
558,"Арзамас, Рабочая Plaza 82",00:00:00,00:00:00,2017-05-01,9,true
559,"Петрозаводск, Юбилейная Hill 73",00:00:00,00:00:00,2018-08-07,3,true
560,"Киров, Полевая Alley 77",09:00:00,19:00:00,2017-02-23,12,false
561,"Тутаев, Восточная Road 72",09:00:00,19:00:00,2019-08-13,0,false
562,"Кисловодск, Кирова Lane 95",08:00:00,23:00:00,2019-08-26,13,false
563,"Красная поляна, Зеленая Hill 81",00:00:00,00:00:00,2017-07-21,12,true
564,"Архангельск, Дачная Court 23",00:00:00,00:00:00,2017-03-08,14,true
565,"Великий Новгород, Нагорная Parkway 82",00:00:00,00:00:00,2019-01-29,3,true
566,"Иваново, Октябрьская Terrace 86",10:00:00,20:00:00,2017-04-11,18,false
567,"Городец, Чапаева Hill 0",00:00:00,00:00:00,2017-09-05,9,true
568,"Мышкин, Советская Point 44",00:00:00,00:00:00,2020-01-16,15,true
569,"Сергиев Посад, Юбилейная Crossing 68",07:00:00,20:00:00,2018-11-13,3,false
570,"Бежецк, Северная Lane 82",09:00:00,22:00:00,2018-05-30,4,false
571,"Мурманск, Рабочая Trail 71",00:00:00,00:00:00,2019-09-03,17,true
572,"Нижний Новгород, Пушкина Lane 34",10:00:00,21:00:00,2019-12-04,4,false
573,"Переславль-Залесский, Новая Road 43",09:00:00,21:00:00,2019-02-05,9,false
574,"Архипо-Осиповка, Луговая Circle 59",00:00:00,00:00:00,2019-12-20,16,true
575,"Мышкин, Кирова Circle 70",11:00:00,21:00:00,2017-11-14,19,false
576,"Самара, Дачная Terrace 55",10:00:00,21:00:00,2018-03-13,19,false
577,"Мценск, Южная Terrace 29",08:00:00,20:00:00,2018-08-06,8,false
578,"Великий Новгород, Колхозная Alley 56",00:00:00,00:00:00,2018-04-01,12,true
579,"Геленджик, Комсомольская Road 61",10:00:00,20:00:00,2017-08-08,6,false
580,"Иваново, Молодежная Parkway 74",10:00:00,22:00:00,2019-07-08,12,false
581,"Гороховец, Октябрьская Road 47",10:00:00,23:00:00,2020-06-14,18,false
582,"Псков, Восточная Crossing 34",09:00:00,19:00:00,2020-01-08,2,false
583,"Омск, Береговая Park 2",07:00:00,20:00:00,2020-01-28,18,false
584,"Тюмень, Южная Junction 11",07:00:00,19:00:00,2020-06-15,7,false
585,"Петрозаводск, Чапаева Plaza 91",08:00:00,19:00:00,2020-09-11,6,false
586,"Переславль-Залесский, Солнечная Avenue 52",00:00:00,00:00:00,2020-12-22,18,true
587,"Звенигород, Нагорная Alley 74",00:00:00,00:00:00,2019-01-31,16,true
588,"Тамань, Юбилейная Crossing 90",11:00:00,23:00:00,2019-05-10,9,false
589,"Псков, Юбилейная Lane 52",08:00:00,22:00:00,2019-05-11,15,false
590,"Мценск, Южная Plaza 40",11:00:00,23:00:00,2019-09-25,13,false
591,"Кимры, Восточная Road 19",00:00:00,00:00:00,2020-12-24,18,true
592,"Мурманск, Дачная Pass 59",11:00:00,20:00:00,2018-05-28,14,false
593,"Калининград, Чапаева Center 80",10:00:00,22:00:00,2019-05-09,3,false
594,"Ростов-на-Дону, Береговая Drive 1",00:00:00,00:00:00,2019-07-28,1,true
595,"Гороховец, Калинина Parkway 47",10:00:00,19:00:00,2018-02-02,14,false
596,"Сарапул, Центральная Avenue 23",00:00:00,00:00:00,2018-08-22,4,true
597,"Калининград, Кирова Way 98",08:00:00,22:00:00,2017-01-30,11,false
598,"Сергиев Посад, Юбилейная Road 86",08:00:00,21:00:00,2018-02-21,20,false
599,"Пятигорск, Заречная Pass 15",00:00:00,00:00:00,2020-06-23,9,true
600,"Пятигорск, Школьный Park 35",10:00:00,20:00:00,2018-10-06,14,false
601,"Орёл, Южная Center 31",11:00:00,21:00:00,2019-09-25,17,false
602,"Петрозаводск, Мира Parkway 29",09:00:00,22:00:00,2017-05-17,16,false
603,"Гатчина, Пролетарская Crossing 99",12:00:00,20:00:00,2017-05-17,6,false
604,"Тобольск, Победы Avenue 5",00:00:00,00:00:00,2017-10-30,5,true
605,"Чебоксары, Школьный Center 18",00:00:00,00:00:00,2019-01-05,1,true
606,"Белгород, Комсомольская Plaza 22",08:00:00,20:00:00,2020-11-16,19,false
607,"Анапа, Центральная Plaza 40",08:00:00,20:00:00,2017-01-22,20,false
608,"Елец, Береговая Alley 87",00:00:00,00:00:00,2020-01-07,7,true
609,"Козельск, Пролетарская Junction 69",08:00:00,22:00:00,2019-04-12,17,false
610,"Тамань, Пролетарская Junction 41",00:00:00,00:00:00,2018-12-17,5,true
611,"Сочи, Чапаева Terrace 55",11:00:00,21:00:00,2020-08-19,10,false
612,"Звенигород, Новая Crossing 68",00:00:00,00:00:00,2018-06-21,18,true
613,"Калуга, Северная Trail 47",08:00:00,23:00:00,2018-04-23,7,false
614,"Псков, Победы Park 29",10:00:00,20:00:00,2019-01-17,18,false
615,"Севастополь, Озерная Point 13",00:00:00,00:00:00,2019-08-19,10,true
616,"Архангельск, Садовая Terrace 1",00:00:00,00:00:00,2017-12-17,10,true
617,"Рязань, Лесная Circle 82",00:00:00,00:00:00,2019-01-24,14,true
618,"Юрьев-Польский, Солнечная Trail 44",00:00:00,00:00:00,2018-02-05,13,true
619,"Ялта, Луговая Way 23",00:00:00,00:00:00,2020-02-27,0,true
620,"Малоярославец, Победы Point 95",00:00:00,00:00:00,2018-08-04,1,true
621,"Москва, Солнечная Center 95",08:00:00,21:00:00,2017-05-31,3,false
622,"Дмитров, Чапаева Street 95",08:00:00,19:00:00,2020-05-04,19,false
623,"Владивосток, Заречная Road 46",00:00:00,00:00:00,2017-07-26,4,true
624,"Рязань, Колхозная Circle 71",11:00:00,23:00:00,2019-02-05,7,false
625,"Красноярск, Железнодорожная Place 33",07:00:00,21:00:00,2017-06-17,2,false
626,"Тольятти, Северная Court 85",10:00:00,20:00:00,2018-01-27,0,false
627,"Пермь, Железнодорожная Street 98",00:00:00,00:00:00,2017-07-08,14,true
628,"Москва, Заречная Center 32",07:00:00,19:00:00,2018-06-17,8,false
629,"Владивосток, Береговая Avenue 74",08:00:00,21:00:00,2017-01-05,5,false
630,"Павлово на Оке, Калинина Way 61",11:00:00,23:00:00,2017-09-26,4,false
631,"Луховицы, Озерная Plaza 30",00:00:00,00:00:00,2019-07-29,6,true
632,"Владимир, Калинина Drive 7",00:00:00,00:00:00,2020-04-06,7,true
633,"Ростов-на-Дону, Школьный Park 14",00:00:00,00:00:00,2019-08-24,19,true
634,"Таруса, Центральная Alley 6",00:00:00,00:00:00,2018-05-20,14,true
635,"Самара, Лесная Hill 78",09:00:00,21:00:00,2018-12-24,15,false
636,"Кинешма, Зеленая Parkway 93",00:00:00,00:00:00,2017-02-15,1,true
637,"Звенигород, Ленина Park 15",11:00:00,21:00:00,2018-05-31,10,false
638,"Торжок, Нагорная Place 40",11:00:00,23:00:00,2019-04-11,10,false
639,"Светлогорск, Новая Pass 46",00:00:00,00:00:00,2017-02-06,19,true
640,"Ковров, Речная Alley 27",09:00:00,20:00:00,2019-06-26,20,false
641,"Мурманск, Советская Drive 44",00:00:00,00:00:00,2018-12-25,13,true
642,"Адлер, Луговая Park 43",09:00:00,22:00:00,2018-07-16,13,false
643,"Пермь, Советская Crossing 84",00:00:00,00:00:00,2019-07-18,14,true
644,"Клин, Железнодорожная Way 72",00:00:00,00:00:00,2019-06-26,12,true
645,"Мышкин, Калинина Avenue 36",00:00:00,00:00:00,2017-03-09,1,true
646,"Выборг, Полевая Terrace 77",00:00:00,00:00:00,2019-08-27,9,true
647,"Выборг, Степная Road 31",00:00:00,00:00:00,2018-01-18,6,true
648,"Арзамас, Кирова Drive 29",00:00:00,00:00:00,2017-10-31,8,true
649,"Петергоф, Юбилейная Point 96",00:00:00,00:00:00,2018-05-28,7,true
650,"Брянск, Восточная Crossing 80",11:00:00,19:00:00,2019-10-10,16,false
651,"Касимов, Пионерская Lane 1",09:00:00,22:00:00,2020-11-16,12,false
652,"Переславль-Залесский, Пролетарская Junction 69",07:00:00,20:00:00,2020-04-29,16,false
653,"Чебоксары, Мира Trail 20",00:00:00,00:00:00,2017-10-30,2,true
654,"Адлер, Школьная Street 66",00:00:00,00:00:00,2020-01-16,18,true
655,"Уфа, Зеленая Way 49",10:00:00,20:00:00,2018-08-10,2,false
656,"Адлер, Пионерская Park 6",00:00:00,00:00:00,2018-05-19,0,true
657,"Пенза, Дачная Drive 55",00:00:00,00:00:00,2020-05-19,15,true
658,"Липецк, Первомайская Park 46",00:00:00,00:00:00,2018-01-06,10,true
659,"Касимов, Пушкина Drive 55",10:00:00,23:00:00,2018-03-01,6,false
660,"Можайск, Центральная Plaza 33",11:00:00,21:00:00,2020-05-27,18,false
661,"Торжок, Комсомольская Street 89",00:00:00,00:00:00,2019-03-23,9,true
662,"Серпухов, Луговая Trail 44",08:00:00,19:00:00,2018-03-13,15,false
663,"Арзамас, Советская Trail 76",00:00:00,00:00:00,2020-01-04,19,true
664,"Рыбинск, Рабочая Lane 2",00:00:00,00:00:00,2020-05-29,9,true
665,"Тамань, Гагарина Trail 25",00:00:00,00:00:00,2018-02-01,13,true
666,"Елабуга, Первомайская Avenue 54",10:00:00,21:00:00,2017-03-02,12,false
667,"Санкт-Петербург, Рабочая Road 7",07:00:00,23:00:00,2017-10-08,7,false
668,"Нижний Новгород, Советская Point 64",00:00:00,00:00:00,2017-03-18,8,true
669,"Тверь, Пролетарская Park 24",00:00:00,00:00:00,2018-11-01,19,true
670,"Рязань, Озерная Trail 16",08:00:00,20:00:00,2017-10-22,19,false
671,"Кинешма, Советская Hill 5",11:00:00,23:00:00,2018-08-23,0,false
672,"Ростов-на-Дону, Садовая Point 65",09:00:00,21:00:00,2018-06-12,11,false
673,"Клин, Нагорная Avenue 12",09:00:00,22:00:00,2017-10-26,12,false
674,"Углич, Пушкина Pass 79",10:00:00,22:00:00,2019-10-12,9,false
675,"Муром, Гагарина Terrace 32",00:00:00,00:00:00,2018-02-15,17,true
676,"Липецк, Рабочая Junction 47",00:00:00,00:00:00,2018-05-08,16,true
677,"Зарайск, Юбилейная Plaza 29",09:00:00,19:00:00,2020-02-29,17,false
678,"Можайск, Калинина Road 17",00:00:00,00:00:00,2019-04-07,5,true
679,"Углич, Садовая Parkway 56",00:00:00,00:00:00,2019-10-10,19,true
680,"Пушкинские горы, Победы Trail 39",09:00:00,21:00:00,2017-03-21,3,false
681,"Таруса, Октябрьская Hill 6",00:00:00,00:00:00,2017-12-03,8,true
682,"Касимов, Набережная Crossing 75",00:00:00,00:00:00,2017-11-10,14,true
683,"Кинешма, Рабочая Circle 31",08:00:00,23:00:00,2019-08-31,14,false
684,"Таруса, Советская Circle 93",00:00:00,00:00:00,2020-02-11,14,true
685,"Санкт-Петербург, Школьная Alley 78",11:00:00,20:00:00,2018-02-08,8,false
686,"Бежецк, Юбилейная Way 0",10:00:00,21:00:00,2018-10-27,20,false
687,"Калуга, Чапаева Way 95",00:00:00,00:00:00,2019-07-25,17,true
688,"Мытищи, Набережная Street 85",00:00:00,00:00:00,2020-08-02,3,true
689,"Верея, Речная Drive 51",11:00:00,23:00:00,2020-04-01,9,false
690,"Кострома, Мира Lane 69",00:00:00,00:00:00,2018-07-22,6,true
691,"Мытищи, Северная Junction 35",00:00:00,00:00:00,2020-05-13,20,true
692,"Вязьма, Чапаева Road 26",00:00:00,00:00:00,2017-06-07,2,true
693,"Боровск, Набережная Way 0",10:00:00,22:00:00,2018-04-28,9,false
694,"Пермь, Полевая Hill 95",00:00:00,00:00:00,2019-01-26,6,true
695,"Тобольск, Степная Avenue 74",12:00:00,21:00:00,2018-07-07,17,false
696,"Ульяновск, Колхозная Hill 61",00:00:00,00:00:00,2018-11-01,15,true
697,"Новороссийск, Чапаева Alley 62",00:00:00,00:00:00,2017-02-24,14,true
698,"Пушкин, Октябрьская Drive 81",00:00:00,00:00:00,2019-05-10,0,true
699,"Мытищи, Школьная Junction 53",00:00:00,00:00:00,2018-04-15,9,true
700,"Малоярославец, Железнодорожная Parkway 0",00:00:00,00:00:00,2019-12-25,6,true
701,"Кронштадт, Речная Junction 19",09:00:00,21:00:00,2020-01-23,8,false
702,"Новороссийск, Юбилейная Alley 62",00:00:00,00:00:00,2018-02-16,12,true
703,"Архипо-Осиповка, Юбилейная Center 77",00:00:00,00:00:00,2018-05-26,14,true
704,"Козельск, Школьная Way 76",07:00:00,20:00:00,2018-02-10,15,false
705,"Челябинск, Садовая Parkway 50",09:00:00,22:00:00,2017-04-21,16,false
706,"Мценск, Колхозная Trail 71",09:00:00,23:00:00,2018-12-01,0,false
707,"Ковров, Школьная Court 11",00:00:00,00:00:00,2020-12-11,6,true
708,"Суздаль, Зеленая Street 55",09:00:00,23:00:00,2020-12-24,8,false
709,"Мценск, Пролетарская Alley 60",00:00:00,00:00:00,2018-05-08,2,true
710,"Козельск, Береговая Pass 76",08:00:00,20:00:00,2018-09-13,1,false
711,"Ульяновск, Новая Junction 75",12:00:00,21:00:00,2019-08-18,11,false
712,"Астрахань, Нагорная Circle 98",00:00:00,00:00:00,2019-05-11,20,true
713,"Ялта, Садовая Junction 64",10:00:00,20:00:00,2020-07-20,2,false
714,"Сарапул, Октябрьская Trail 93",00:00:00,00:00:00,2020-03-10,1,true
715,"Серпухов, Школьная Park 74",08:00:00,20:00:00,2019-07-16,7,false
716,"Таруса, Пионерская Crossing 55",08:00:00,23:00:00,2019-08-16,14,false
717,"Москва, Юбилейная Drive 18",00:00:00,00:00:00,2020-06-21,13,true
718,"Городец, Мира Street 65",11:00:00,22:00:00,2020-08-19,20,false
719,"Мценск, Дачная Park 43",12:00:00,20:00:00,2018-01-04,7,false
720,"Тверь, Степная Drive 87",11:00:00,21:00:00,2019-06-05,13,false
721,"Подольск, Молодежная Alley 63",00:00:00,00:00:00,2017-04-11,17,true
722,"Петергоф, Зеленая Terrace 26",00:00:00,00:00:00,2017-06-15,15,true
723,"Чебоксары, Зеленая Parkway 64",08:00:00,21:00:00,2017-02-03,4,false
724,"Павлово на Оке, Победы Avenue 43",00:00:00,00:00:00,2019-10-01,7,true
725,"Кисловодск, Комсомольская Parkway 44",00:00:00,00:00:00,2018-08-05,12,true
726,"Вологда, Победы Crossing 48",00:00:00,00:00:00,2020-05-22,1,true
727,"Саратов, Молодежная Drive 61",00:00:00,00:00:00,2019-09-13,13,true
728,"Таруса, Комсомольская Drive 10",08:00:00,19:00:00,2020-06-28,4,false
729,"Можайск, Заречная Circle 31",09:00:00,20:00:00,2017-08-13,13,false
730,"Городец, Калинина Place 52",10:00:00,23:00:00,2017-01-22,0,false
731,"Пятигорск, Полевая Hill 43",08:00:00,22:00:00,2020-03-24,0,false
732,"Волгоград, Комсомольская Alley 75",07:00:00,19:00:00,2019-03-30,9,false
733,"Ростов Великий, Комсомольская Park 85",00:00:00,00:00:00,2017-02-25,0,true
734,"Переславль-Залесский, Нагорная Point 34",00:00:00,00:00:00,2019-11-04,8,true
735,"Анапа, Восточная Way 64",00:00:00,00:00:00,2020-07-31,7,true
736,"Санкт-Петербург, Набережная Road 73",10:00:00,20:00:00,2018-05-19,0,false
737,"Малоярославец, Полевая Road 35",09:00:00,23:00:00,2019-11-07,8,false
738,"Тюмень, Пушкина Hill 90",00:00:00,00:00:00,2020-03-21,6,true
739,"Самара, Полевая Place 10",00:00:00,00:00:00,2017-10-12,16,true
740,"Ростов Великий, Заречная Junction 42",00:00:00,00:00:00,2019-06-05,14,true
741,"Мышкин, Победы Alley 95",00:00:00,00:00:00,2018-10-31,6,true
742,"Елабуга, Зеленая Court 48",00:00:00,00:00:00,2018-07-20,8,true
743,"Великий Новгород, Заречная Circle 92",09:00:00,22:00:00,2020-04-30,9,false
744,"Егорьевск, Береговая Park 17",11:00:00,22:00:00,2020-07-11,8,false
745,"Москва, Победы Junction 65",10:00:00,21:00:00,2019-09-04,9,false
746,"Торжок, Луговая Circle 55",12:00:00,21:00:00,2018-11-10,7,false
747,"Саранск, Пушкина Alley 68",09:00:00,22:00:00,2020-07-08,6,false
748,"Светлогорск, Мира Terrace 6",00:00:00,00:00:00,2020-05-23,3,true
749,"Ульяновск, Мира Parkway 46",00:00:00,00:00:00,2017-07-07,15,true
750,"Санкт-Петербург, Молодежная Terrace 13",00:00:00,00:00:00,2018-09-01,15,true
751,"Иваново, Ленина Trail 47",00:00:00,00:00:00,2017-03-25,15,true
752,"Дмитров, Полевая Crossing 41",11:00:00,21:00:00,2017-09-09,2,false
753,"Ростов Великий, Рабочая Avenue 77",08:00:00,21:00:00,2020-03-06,5,false
754,"Плес, Пролетарская Center 10",09:00:00,20:00:00,2018-12-27,0,false
755,"Уфа, Степная Circle 67",09:00:00,23:00:00,2018-04-03,9,false
756,"Кемерово, Дачная Plaza 80",11:00:00,20:00:00,2018-07-15,13,false
757,"Иваново, Колхозная Place 61",00:00:00,00:00:00,2020-09-15,14,true
758,"Гатчина, Степная Hill 60",09:00:00,20:00:00,2017-04-11,15,false
759,"Смоленск, Молодежная Drive 88",08:00:00,22:00:00,2018-05-14,13,false
760,"Звенигород, Северная Center 53",10:00:00,21:00:00,2019-11-24,17,false
761,"Великий Устюг, Комсомольская Place 49",00:00:00,00:00:00,2020-09-16,15,true
762,"Тамань, Степная Point 86",08:00:00,19:00:00,2017-10-04,5,false
763,"Дубна, Солнечная Junction 8",07:00:00,22:00:00,2020-10-16,12,false
764,"Соловки, Восточная Way 97",00:00:00,00:00:00,2017-05-27,19,true
765,"Таруса, Мира Junction 8",00:00:00,00:00:00,2018-05-01,11,true
766,"Архангельск, Кирова Park 64",00:00:00,00:00:00,2017-02-26,3,true
767,"Ижевск, Озерная Plaza 28",00:00:00,00:00:00,2020-12-13,9,true
768,"Павлово на Оке, Центральная Junction 78",09:00:00,20:00:00,2019-05-15,7,false
769,"Калининград, Колхозная Road 12",09:00:00,22:00:00,2018-05-25,9,false
770,"Можайск, Пионерская Park 68",09:00:00,21:00:00,2017-02-09,10,false
771,"Томск, Центральная Court 46",07:00:00,21:00:00,2020-01-26,13,false
772,"Мытищи, Северная Alley 86",00:00:00,00:00:00,2017-09-14,3,true
773,"Тверь, Набережная Crossing 66",00:00:00,00:00:00,2017-08-17,12,true
774,"Ханты-Мансийск, Озерная Lane 88",12:00:00,21:00:00,2019-02-23,6,false
775,"Пермь, Восточная Trail 48",09:00:00,21:00:00,2020-05-26,11,false
776,"Егорьевск, Зеленая Point 92",00:00:00,00:00:00,2018-03-25,8,true
777,"Луховицы, Школьная Road 45",00:00:00,00:00:00,2020-10-17,0,true
778,"Чебоксары, Степная Alley 17",12:00:00,20:00:00,2018-10-10,5,false
779,"Верея, Чапаева Junction 95",00:00:00,00:00:00,2017-07-06,2,true
780,"Адлер, Береговая Plaza 64",00:00:00,00:00:00,2020-01-03,19,true
781,"Сарапул, Рабочая Lane 21",00:00:00,00:00:00,2017-10-21,4,true
782,"Руза, Восточная Junction 43",08:00:00,22:00:00,2018-12-10,9,false
783,"Самара, Победы Place 22",09:00:00,21:00:00,2019-10-22,3,false
784,"Тобольск, Степная Crossing 74",12:00:00,23:00:00,2017-10-10,20,false
785,"Плес, Луговая Junction 17",09:00:00,22:00:00,2019-11-23,6,false
786,"Вязьма, Кирова Place 43",00:00:00,00:00:00,2018-12-14,7,true
787,"Томск, Железнодорожная Park 45",11:00:00,21:00:00,2017-06-02,12,false
788,"Белгород, Мира Drive 5",08:00:00,22:00:00,2018-09-21,15,false
789,"Ижевск, Первомайская Center 86",07:00:00,20:00:00,2017-05-13,7,false
790,"Ейск, Первомайская Way 45",00:00:00,00:00:00,2018-12-04,11,true
791,"Череповец, Полевая Park 93",00:00:00,00:00:00,2020-09-15,9,true
792,"Кириллов, Пионерская Alley 57",11:00:00,22:00:00,2017-12-31,13,false
793,"Ростов Великий, Озерная Center 37",08:00:00,20:00:00,2017-05-22,12,false
794,"Липецк, Школьная Hill 34",11:00:00,21:00:00,2019-09-18,6,false
795,"Анапа, Пионерская Alley 62",00:00:00,00:00:00,2017-05-30,7,true
796,"Псков, Садовая Terrace 76",00:00:00,00:00:00,2017-09-23,18,true
797,"Тверь, Рабочая Court 17",12:00:00,22:00:00,2020-08-09,9,false
798,"Городец, Зеленая Plaza 18",00:00:00,00:00:00,2017-04-02,2,true
799,"Соловки, Южная Parkway 4",10:00:00,20:00:00,2020-01-27,9,false
800,"Петергоф, Калинина Parkway 38",07:00:00,23:00:00,2017-07-10,15,false
801,"Кимры, Солнечная Parkway 50",09:00:00,21:00:00,2018-11-15,4,false
802,"Арзамас, Первомайская Park 35",09:00:00,21:00:00,2017-07-04,20,false
803,"Покров, Кирова Drive 28",00:00:00,00:00:00,2020-10-18,14,true
804,"Ялта, Пионерская Place 53",08:00:00,21:00:00,2018-09-08,6,false
805,"Ханты-Мансийск, Железнодорожная Hill 62",00:00:00,00:00:00,2020-12-19,3,true
806,"Великий Новгород, Победы Terrace 63",08:00:00,21:00:00,2017-06-07,16,false
807,"Павлово на Оке, Советская Court 66",00:00:00,00:00:00,2019-08-27,10,true
808,"Смоленск, Мира Lane 8",00:00:00,00:00:00,2018-11-29,1,true
809,"Городец, Рабочая Point 91",00:00:00,00:00:00,2019-02-12,0,true
810,"Мурманск, Мира Road 28",11:00:00,19:00:00,2017-05-10,15,false
811,"Рязань, Солнечная Drive 37",00:00:00,00:00:00,2020-03-19,15,true
812,"Звенигород, Восточная Center 73",00:00:00,00:00:00,2017-12-22,2,true
813,"Соликамск, Колхозная Street 93",08:00:00,19:00:00,2018-05-23,6,false
814,"Санкт-Петербург, Луговая Lane 61",00:00:00,00:00:00,2018-03-19,17,true
815,"Боровск, Нагорная Lane 60",11:00:00,21:00:00,2017-07-23,12,false
816,"Волгоград, Первомайская Parkway 85",09:00:00,21:00:00,2017-03-27,2,false
817,"Пушкинские горы, Береговая Alley 30",07:00:00,21:00:00,2019-01-02,18,false
818,"Можайск, Пионерская Lane 86",11:00:00,21:00:00,2018-03-04,11,false
819,"Подольск, Школьный Circle 22",00:00:00,00:00:00,2019-08-21,7,true
820,"Городец, Дачная Plaza 24",00:00:00,00:00:00,2017-03-10,15,true
821,"Элиста, Юбилейная Hill 59",00:00:00,00:00:00,2019-04-06,16,true
822,"Переславль-Залесский, Луговая Circle 46",09:00:00,21:00:00,2020-04-10,7,false
823,"Мытищи, Комсомольская Hill 19",11:00:00,21:00:00,2019-08-17,3,false
824,"Иваново, Луговая Hill 77",09:00:00,19:00:00,2020-05-08,12,false
825,"Павлово на Оке, Дачная Point 34",00:00:00,00:00:00,2017-08-19,17,true
826,"Городец, Пушкина Terrace 48",10:00:00,22:00:00,2019-01-21,11,false
827,"Элиста, Комсомольская Circle 41",12:00:00,19:00:00,2019-06-16,17,false
828,"Киров, Мира Parkway 90",00:00:00,00:00:00,2018-02-20,12,true
829,"Красная поляна, Садовая Parkway 20",00:00:00,00:00:00,2017-04-21,6,true
830,"Елабуга, Луговая Center 38",11:00:00,21:00:00,2019-06-26,19,false
831,"Севастополь, Северная Crossing 68",00:00:00,00:00:00,2018-07-19,11,true
832,"Тамбов, Гагарина Street 72",00:00:00,00:00:00,2018-05-13,10,true
833,"Кимры, Восточная Street 10",00:00:00,00:00:00,2019-11-26,19,true
834,"Ковров, Луговая Junction 77",00:00:00,00:00:00,2018-04-20,2,true
835,"Рыбинск, Лесная Court 71",00:00:00,00:00:00,2018-11-01,6,true
836,"Череповец, Восточная Place 60",00:00:00,00:00:00,2019-05-28,12,true
837,"Верея, Юбилейная Pass 18",00:00:00,00:00:00,2019-04-02,5,true
838,"Тула, Речная Center 48",09:00:00,20:00:00,2018-01-02,7,false
839,"Ялта, Пролетарская Center 24",11:00:00,21:00:00,2018-07-30,3,false
840,"Суздаль, Чапаева Alley 44",11:00:00,21:00:00,2020-03-04,14,false
841,"Великий Новгород, Пушкина Park 94",00:00:00,00:00:00,2017-02-26,15,true
842,"Уфа, Пролетарская Road 61",09:00:00,23:00:00,2020-08-20,8,false
843,"Рыбинск, Садовая Junction 16",12:00:00,20:00:00,2019-03-06,12,false
844,"Зарайск, Набережная Terrace 37",00:00:00,00:00:00,2017-12-10,5,true
845,"Кинешма, Солнечная Way 0",08:00:00,22:00:00,2017-12-10,17,false
846,"Санкт-Петербург, Мира Place 42",10:00:00,21:00:00,2019-03-11,15,false
847,"Луховицы, Нагорная Drive 84",00:00:00,00:00:00,2020-12-23,14,true
848,"Подольск, Гагарина Terrace 22",09:00:00,23:00:00,2018-11-05,20,false
849,"Уфа, Октябрьская Terrace 66",09:00:00,22:00:00,2018-02-06,1,false
850,"Санкт-Петербург, Мира Junction 36",11:00:00,20:00:00,2020-12-22,8,false
851,"Челябинск, Дачная Drive 2",12:00:00,20:00:00,2017-10-28,19,false
852,"Пенза, Комсомольская Parkway 76",12:00:00,20:00:00,2017-07-23,13,false
853,"Белгород, Школьная Way 14",09:00:00,20:00:00,2020-10-09,16,false
854,"Владивосток, Береговая Alley 92",09:00:00,23:00:00,2017-12-28,2,false
855,"Владивосток, Озерная Trail 65",09:00:00,19:00:00,2018-09-14,11,false
856,"Архипо-Осиповка, Октябрьская Road 46",10:00:00,21:00:00,2017-01-05,0,false
857,"Красноярск, Степная Avenue 80",08:00:00,20:00:00,2020-05-23,3,false
858,"Краснодар, Колхозная Place 31",00:00:00,00:00:00,2018-09-21,13,true
859,"Саранск, Нагорная Junction 9",00:00:00,00:00:00,2018-08-17,6,true
860,"Лазаревское, Зеленая Street 53",10:00:00,20:00:00,2018-02-19,1,false
861,"Мышкин, Восточная Way 2",00:00:00,00:00:00,2017-03-07,6,true
862,"Ульяновск, Восточная Drive 82",00:00:00,00:00:00,2018-03-01,0,true
863,"Архипо-Осиповка, Заречная Drive 1",00:00:00,00:00:00,2017-06-24,17,true
864,"Луховицы, Гагарина Plaza 87",00:00:00,00:00:00,2017-01-13,20,true
865,"Элиста, Чапаева Center 60",11:00:00,21:00:00,2017-12-20,20,false
866,"Дубна, Зеленая Drive 9",00:00:00,00:00:00,2020-09-22,18,true
867,"Тюмень, Набережная Center 56",00:00:00,00:00:00,2020-11-16,19,true
868,"Егорьевск, Железнодорожная Pass 77",00:00:00,00:00:00,2017-10-05,18,true
869,"Таруса, Пионерская Drive 48",09:00:00,20:00:00,2017-12-29,14,false
870,"Серпухов, Молодежная Terrace 21",10:00:00,21:00:00,2017-11-12,6,false
871,"Владимир, Солнечная Plaza 34",00:00:00,00:00:00,2020-08-11,1,true
872,"Тамань, Первомайская Court 5",00:00:00,00:00:00,2019-04-08,12,true
873,"Смоленск, Школьный Center 43",00:00:00,00:00:00,2019-08-26,13,true
874,"Нижний Тагил, Школьная Avenue 45",00:00:00,00:00:00,2018-03-23,1,true
875,"Кисловодск, Береговая Center 53",11:00:00,23:00:00,2020-05-23,4,false
876,"Тюмень, Луговая Terrace 63",09:00:00,21:00:00,2019-05-28,9,false
877,"Кострома, Заречная Hill 88",00:00:00,00:00:00,2019-10-31,18,true
878,"Кронштадт, Колхозная Terrace 17",00:00:00,00:00:00,2018-02-09,20,true
879,"Суздаль, Полевая Place 67",11:00:00,21:00:00,2020-06-26,15,false
880,"Руза, Чапаева Avenue 9",10:00:00,22:00:00,2019-11-15,18,false
881,"Иваново, Солнечная Crossing 81",10:00:00,21:00:00,2020-12-01,20,false
882,"Екатеринбург, Ленина Street 93",00:00:00,00:00:00,2019-12-31,6,true
883,"Челябинск, Колхозная Court 98",09:00:00,22:00:00,2018-09-03,5,false
884,"Городец, Речная Court 10",11:00:00,20:00:00,2020-09-12,2,false
885,"Изборск, Мира Park 85",00:00:00,00:00:00,2018-10-10,8,true
886,"Екатеринбург, Победы Parkway 18",00:00:00,00:00:00,2018-08-23,16,true
887,"Ялта, Заречная Parkway 2",00:00:00,00:00:00,2018-09-06,10,true
888,"Нижний Тагил, Набережная Circle 25",09:00:00,20:00:00,2020-07-27,19,false
889,"Уфа, Первомайская Plaza 90",00:00:00,00:00:00,2018-09-26,7,true
890,"Светлогорск, Дачная Plaza 95",00:00:00,00:00:00,2020-01-20,1,true
891,"Геленджик, Гагарина Avenue 19",09:00:00,21:00:00,2020-08-12,8,false
892,"Кимры, Чапаева Road 52",00:00:00,00:00:00,2018-10-09,0,true
893,"Санкт-Петербург, Садовая Trail 38",11:00:00,21:00:00,2019-04-07,19,false
894,"Ковров, Молодежная Street 95",08:00:00,20:00:00,2018-06-30,15,false
895,"Александров, Железнодорожная Street 31",12:00:00,21:00:00,2020-02-07,4,false
896,"Нижний Тагил, Зеленая Alley 55",09:00:00,20:00:00,2020-01-25,2,false
897,"Валдай, Пушкина Avenue 53",11:00:00,23:00:00,2017-12-05,15,false
898,"Плес, Железнодорожная Hill 68",07:00:00,21:00:00,2020-03-24,17,false
899,"Волгоград, Солнечная Park 22",00:00:00,00:00:00,2018-06-24,20,true
900,"Клин, Школьная Terrace 46",00:00:00,00:00:00,2019-07-12,20,true
901,"Тольятти, Южная Court 91",00:00:00,00:00:00,2020-01-25,3,true
902,"Суздаль, Дачная Center 96",10:00:00,22:00:00,2019-01-02,1,false
903,"Кириллов, Молодежная Park 28",00:00:00,00:00:00,2020-06-19,2,true
904,"Пятигорск, Советская Terrace 80",07:00:00,20:00:00,2019-09-25,19,false
905,"Воронеж, Победы Junction 65",11:00:00,21:00:00,2017-10-02,3,false
906,"Гатчина, Восточная Trail 79",00:00:00,00:00:00,2020-04-21,13,true
907,"Москва, Полевая Street 90",00:00:00,00:00:00,2017-06-08,0,true
908,"Псков, Советская Lane 42",07:00:00,19:00:00,2017-08-04,17,false
909,"Валдай, Южная Terrace 48",00:00:00,00:00:00,2018-11-04,6,true
910,"Мурманск, Первомайская Lane 18",11:00:00,22:00:00,2018-01-16,1,false
911,"Гороховец, Советская Pass 44",00:00:00,00:00:00,2018-03-29,0,true
912,"Псков, Восточная Junction 15",00:00:00,00:00:00,2017-02-17,3,true
913,"Переславль-Залесский, Пушкина Point 64",00:00:00,00:00:00,2020-06-19,20,true
914,"Кириллов, Озерная Point 19",11:00:00,20:00:00,2019-07-17,14,false
915,"Зарайск, Колхозная Place 43",09:00:00,23:00:00,2020-11-26,16,false
916,"Дубна, Гагарина Street 2",10:00:00,23:00:00,2020-07-22,16,false
917,"Рязань, Набережная Road 67",08:00:00,20:00:00,2019-12-03,2,false
918,"Санкт-Петербург, Гагарина Crossing 55",00:00:00,00:00:00,2020-05-19,11,true
919,"Елабуга, Южная Way 48",00:00:00,00:00:00,2020-07-11,6,true
920,"Тамбов, Пушкина Terrace 49",00:00:00,00:00:00,2018-01-05,8,true
921,"Смоленск, Береговая Hill 36",00:00:00,00:00:00,2018-05-23,9,true
922,"Егорьевск, Рабочая Road 63",12:00:00,22:00:00,2018-02-03,6,false
923,"Анапа, Школьная Trail 67",00:00:00,00:00:00,2017-09-19,0,true
924,"Иваново, Южная Court 31",00:00:00,00:00:00,2019-10-23,0,true
925,"Петергоф, Октябрьская Point 9",12:00:00,21:00:00,2017-06-02,18,false
926,"Соловки, Речная Alley 23",09:00:00,21:00:00,2017-08-21,10,false
927,"Пушкинские горы, Полевая Avenue 95",00:00:00,00:00:00,2020-11-20,1,true
928,"Тюмень, Колхозная Circle 75",00:00:00,00:00:00,2020-04-22,15,true
929,"Осташков, Чапаева Circle 70",08:00:00,21:00:00,2018-06-20,7,false
930,"Ростов-на-Дону, Речная Parkway 80",10:00:00,22:00:00,2020-12-31,14,false
931,"Ейск, Пионерская Alley 11",10:00:00,21:00:00,2020-02-23,13,false
932,"Череповец, Юбилейная Avenue 85",09:00:00,19:00:00,2020-09-09,0,false
933,"Звенигород, Пушкина Alley 39",00:00:00,00:00:00,2019-05-20,13,true
934,"Архангельск, Нагорная Avenue 11",11:00:00,19:00:00,2018-07-12,6,false
935,"Белгород, Железнодорожная Plaza 23",00:00:00,00:00:00,2019-07-16,6,true
936,"Йошкар-Ола, Восточная Road 77",11:00:00,21:00:00,2018-05-01,20,false
937,"Санкт-Петербург, Ленина Trail 34",11:00:00,19:00:00,2020-06-24,1,false
938,"Павлово на Оке, Гагарина Junction 90",11:00:00,22:00:00,2020-09-19,6,false
939,"Переславль-Залесский, Восточная Junction 15",00:00:00,00:00:00,2017-08-29,6,true
940,"Тотьма, Октябрьская Point 41",00:00:00,00:00:00,2020-09-15,17,true
941,"Петергоф, Северная Pass 48",12:00:00,20:00:00,2019-11-28,10,false
942,"Звенигород, Садовая Terrace 85",00:00:00,00:00:00,2017-07-25,1,true
943,"Севастополь, Советская Point 10",10:00:00,21:00:00,2019-09-15,11,false
944,"Калязин, Пионерская Drive 80",00:00:00,00:00:00,2020-09-29,6,true
945,"Гороховец, Лесная Road 64",12:00:00,19:00:00,2020-01-10,14,false
946,"Соликамск, Береговая Pass 88",00:00:00,00:00:00,2018-09-07,4,true
947,"Дмитров, Рабочая Avenue 52",08:00:00,23:00:00,2020-04-22,3,false
948,"Сергиев Посад, Мира Trail 3",11:00:00,19:00:00,2017-05-16,13,false
949,"Липецк, Новая Hill 98",00:00:00,00:00:00,2019-12-06,1,true
950,"Сочи, Степная Parkway 68",00:00:00,00:00:00,2017-05-23,3,true
951,"Касимов, Южная Way 70",00:00:00,00:00:00,2020-12-28,16,true
952,"Новороссийск, Мира Way 15",00:00:00,00:00:00,2020-08-26,17,true
953,"Уфа, Садовая Hill 72",08:00:00,20:00:00,2020-01-15,8,false
954,"Павлово на Оке, Дачная Crossing 71",07:00:00,23:00:00,2018-06-09,2,false
955,"Брянск, Советская Terrace 5",12:00:00,20:00:00,2017-11-19,6,false
956,"Муром, Садовая Way 91",00:00:00,00:00:00,2020-09-18,0,true
957,"Череповец, Пролетарская Park 32",00:00:00,00:00:00,2020-10-11,16,true
958,"Элиста, Дачная Point 52",00:00:00,00:00:00,2019-03-14,10,true
959,"Соловки, Полевая Circle 18",00:00:00,00:00:00,2019-09-22,15,true
960,"Севастополь, Садовая Place 23",10:00:00,22:00:00,2019-10-25,15,false
961,"Верея, Калинина Terrace 66",11:00:00,22:00:00,2017-04-01,6,false
962,"Кемерово, Ленина Circle 3",00:00:00,00:00:00,2018-07-07,13,true
963,"Арзамас, Лесная Alley 67",09:00:00,22:00:00,2018-05-13,10,false
964,"Гороховец, Пушкина Plaza 73",07:00:00,21:00:00,2019-07-04,5,false
965,"Ростов-на-Дону, Ленина Hill 41",00:00:00,00:00:00,2019-03-03,20,true
966,"Осташков, Кирова Pass 34",00:00:00,00:00:00,2017-03-04,19,true
967,"Галич, Береговая Center 38",09:00:00,19:00:00,2020-06-17,11,false
968,"Нижний Новгород, Полевая Terrace 14",00:00:00,00:00:00,2018-04-17,10,true
969,"Белгород, Юбилейная Terrace 32",00:00:00,00:00:00,2019-12-04,7,true
970,"Тутаев, Степная Circle 21",10:00:00,23:00:00,2020-09-30,20,false
971,"Углич, Школьная Point 67",11:00:00,22:00:00,2019-11-28,20,false
972,"Тобольск, Полевая Pass 82",11:00:00,22:00:00,2017-08-18,12,false
973,"Кисловодск, Победы Pass 7",00:00:00,00:00:00,2018-11-30,11,true
974,"Тольятти, Октябрьская Alley 62",10:00:00,21:00:00,2017-07-14,6,false
975,"Покров, Молодежная Plaza 81",11:00:00,20:00:00,2019-11-25,2,false
976,"Астрахань, Садовая Avenue 85",07:00:00,19:00:00,2017-06-04,1,false
977,"Александров, Луговая Street 82",00:00:00,00:00:00,2020-01-05,2,true
978,"Подольск, Колхозная Alley 22",12:00:00,23:00:00,2017-08-22,10,false
979,"Сергиев Посад, Новая Lane 53",11:00:00,22:00:00,2017-07-06,14,false
980,"Смоленск, Победы Circle 60",00:00:00,00:00:00,2019-02-08,14,true
981,"Екатеринбург, Степная Street 74",08:00:00,21:00:00,2018-02-08,8,false
982,"Гороховец, Набережная Crossing 34",11:00:00,22:00:00,2019-11-17,16,false
983,"Петрозаводск, Восточная Plaza 20",00:00:00,00:00:00,2020-09-28,10,true
984,"Дмитров, Заречная Trail 77",00:00:00,00:00:00,2017-08-05,17,true
985,"Красная поляна, Садовая Street 33",00:00:00,00:00:00,2019-04-14,5,true
986,"Москва, Лесная Crossing 30",00:00:00,00:00:00,2019-01-29,5,true
987,"Курск, Пионерская Circle 77",08:00:00,23:00:00,2017-03-09,20,false
988,"Переславль-Залесский, Колхозная Alley 8",07:00:00,22:00:00,2017-11-24,19,false
989,"Елец, Кирова Way 93",11:00:00,22:00:00,2019-08-12,2,false
990,"Красная поляна, Колхозная Pass 1",00:00:00,00:00:00,2020-03-13,8,true
991,"Нижний Тагил, Октябрьская Place 71",08:00:00,20:00:00,2017-10-31,9,false
992,"Смоленск, Заречная Place 12",08:00:00,21:00:00,2017-10-19,20,false
993,"Выборг, Южная Drive 31",00:00:00,00:00:00,2018-06-11,3,true
994,"Гороховец, Чапаева Center 8",09:00:00,19:00:00,2017-06-18,20,false
995,"Саранск, Зеленая Way 43",11:00:00,21:00:00,2017-10-30,19,false
996,"Валдай, Новая Road 67",00:00:00,00:00:00,2020-02-06,10,true
997,"Егорьевск, Садовая Parkway 56",00:00:00,00:00:00,2019-05-18,16,true
998,"Пушкинские горы, Гагарина Road 98",00:00:00,00:00:00,2020-10-12,17,true
999,"Суздаль, Пролетарская Point 28",00:00:00,00:00:00,2017-03-06,14,true
1000,"Петергоф, Кирова Street 41",00:00:00,00:00:00,2020-09-25,9,true
